id,scraped_at,crossing_id,crossing_name,echerha_id,echerha_title,vehicle_class,vehicle_type,queue_flow,is_paused,virtual_wait_s,vehicles_waiting,free_slots,slots_units_left,tooltip,country_id,carrier_type
28705,2026-07-07T00:01:00Z,budomierz,Budomierz,88,"Грушів – Будомєж (для вантажівок ≤ 7,5 тонн)",truck_le_7_5t,1,1,1,1680,7,,,,133,1
28720,2026-07-07T00:01:00Z,budomierz,Budomierz,104,Грушів – Будомєж. Автобуси (за розкладом),bus,2,2,0,,,15,15,,133,2
28712,2026-07-07T00:01:00Z,dolhobyczow,Dołhobyczów,31,"Угринів – Долгобичув (для порожніх вантажівок ≥ 7,5 тонн)",truck_empty,1,1,0,262080,341,,,,133,1
28725,2026-07-07T00:01:00Z,dolhobyczow,Dołhobyczów,76,Угринів – Долгобичув. Автобуси (за розкладом),bus,2,2,0,,,28,28,,133,2
28711,2026-07-07T00:01:00Z,dolhobyczow,Dołhobyczów,98,"Угринів – Долгобичув (для вантажівок ≥ 3,5 тонн до ≤ 7,5 тонн)",truck_le_7_5t,1,1,0,108420,144,,,,133,1
28717,2026-07-07T00:01:00Z,dorohusk,Dorohusk,1,"Ягодин – Дорогуськ (для вантажівок ≥ 7,5 тонн)",truck_ge_7_5t,1,1,0,249000,852,,,,133,1
28719,2026-07-07T00:01:00Z,dorohusk,Dorohusk,2,"Ягодин – Дорогуськ. Товари 1-24 групи УКТЗЕД (≥ 7,5 тонн)",truck_goods_1_24,1,1,0,0,0,,,,133,1
28718,2026-07-07T00:01:00Z,dorohusk,Dorohusk,29,"Ягодин – Дорогуськ (для порожніх вантажівок ≥ 7,5 тонн)",truck_empty,1,1,0,314100,1071,,,,133,1
28728,2026-07-07T00:01:00Z,dorohusk,Dorohusk,54,Ягодин – Дорогуськ. Автобуси (за розкладом),bus,2,2,1,,,28,28,,133,2
28708,2026-07-07T00:01:00Z,hrebenne,Hrebenne,5,"Рава-Руська – Хребенне (для вантажівок ≥ 7,5 тонн)",truck_ge_7_5t,1,1,1,253260,484,,,,133,1
28709,2026-07-07T00:01:00Z,hrebenne,Hrebenne,19,"Рава-Руська – Хребенне. Товари 1-24 групи УКТЗЕД (≥ 7,5 тонн)",truck_goods_1_24,1,1,1,49980,54,,,,133,1
28723,2026-07-07T00:01:00Z,hrebenne,Hrebenne,78,Рава-Руська – Хребенне. Автобуси (за розкладом),bus,2,2,0,,,14,14,,133,2
28706,2026-07-07T00:01:00Z,korczowa,Korczowa,6,"Краківець – Корчова (для вантажівок ≥ 7,5 тонн)",truck_ge_7_5t,1,1,1,178920,434,,,,133,1
28707,2026-07-07T00:01:00Z,korczowa,Korczowa,20,"Краківець – Корчова. Товари 1-24 групи УКТЗЕД (≥ 7,5 тонн)",truck_goods_1_24,1,1,0,0,0,,,,133,1
28721,2026-07-07T00:01:00Z,korczowa,Korczowa,23,Краківець – Корчова. Автобуси,bus,2,1,0,0,8,,,,133,2
28724,2026-07-07T00:01:00Z,kroscienko,Krościenko,75,Смільниця – Кросьценко. Автобуси (за розкладом),bus,2,2,0,,,33,33,,133,2
28710,2026-07-07T00:01:00Z,kroscienko,Krościenko,84,"Смільниця – Кросьценко (для вантажівок ≤ 7,5 тонн)",truck_le_7_5t,1,1,0,960,7,,,,133,1
28722,2026-07-07T00:01:00Z,malhowice,Małhowice,102,Нижанковичі – Мальховичі. Автобуси (за розкладом),bus,2,2,0,,,22,22,,133,2
28715,2026-07-07T00:01:00Z,medyka,Medyka,8,"Шегині – Медика (для вантажівок ≥ 7,5 тонн)",truck_ge_7_5t,1,1,0,200940,198,,,,133,1
28727,2026-07-07T00:01:00Z,medyka,Medyka,24,Шегині - Медика. Автобуси,bus,2,1,0,0,4,,,Ускладнений рух у зв'язку з ремонтними роботами на ММПП,133,2
28716,2026-07-07T00:01:00Z,medyka,Medyka,91,"Шегині – Медика (для порожніх вантажівок ≥ 3,5 тонн)",truck_empty,1,1,0,313200,348,,,,133,1
28714,2026-07-07T00:01:00Z,zosin,Zosin,7,"Устилуг – Зосин (для порожніх вантажівок ≥ 7,5 тонн)",truck_empty,1,1,0,262800,373,,,,133,1
28713,2026-07-07T00:01:00Z,zosin,Zosin,80,"Устилуг – Зосин (для вантажівок ≤ 7,5 тонн)",truck_le_7_5t,1,1,0,99900,114,,,,133,1
28726,2026-07-07T00:01:00Z,zosin,Zosin,113,Устилуг - Зосин. Автобуси (за розкладом),bus,2,2,1,,,19,19,,133,2
28729,2026-07-07T00:31:00Z,budomierz,Budomierz,88,"Грушів – Будомєж (для вантажівок ≤ 7,5 тонн)",truck_le_7_5t,1,1,1,1680,7,,,,133,1
28744,2026-07-07T00:31:00Z,budomierz,Budomierz,104,Грушів – Будомєж. Автобуси (за розкладом),bus,2,2,0,,,15,15,,133,2
28736,2026-07-07T00:31:00Z,dolhobyczow,Dołhobyczów,31,"Угринів – Долгобичув (для порожніх вантажівок ≥ 7,5 тонн)",truck_empty,1,1,0,261300,340,,,,133,1
28749,2026-07-07T00:31:00Z,dolhobyczow,Dołhobyczów,76,Угринів – Долгобичув. Автобуси (за розкладом),bus,2,2,0,,,28,28,,133,2
28735,2026-07-07T00:31:00Z,dolhobyczow,Dołhobyczów,98,"Угринів – Долгобичув (для вантажівок ≥ 3,5 тонн до ≤ 7,5 тонн)",truck_le_7_5t,1,1,0,108420,144,,,,133,1
28741,2026-07-07T00:31:00Z,dorohusk,Dorohusk,1,"Ягодин – Дорогуськ (для вантажівок ≥ 7,5 тонн)",truck_ge_7_5t,1,1,0,246900,846,,,,133,1
28743,2026-07-07T00:31:00Z,dorohusk,Dorohusk,2,"Ягодин – Дорогуськ. Товари 1-24 групи УКТЗЕД (≥ 7,5 тонн)",truck_goods_1_24,1,1,0,0,0,,,,133,1
28742,2026-07-07T00:31:00Z,dorohusk,Dorohusk,29,"Ягодин – Дорогуськ (для порожніх вантажівок ≥ 7,5 тонн)",truck_empty,1,1,0,311700,1063,,,,133,1
28752,2026-07-07T00:31:00Z,dorohusk,Dorohusk,54,Ягодин – Дорогуськ. Автобуси (за розкладом),bus,2,2,0,,,28,28,,133,2
28732,2026-07-07T00:31:00Z,hrebenne,Hrebenne,5,"Рава-Руська – Хребенне (для вантажівок ≥ 7,5 тонн)",truck_ge_7_5t,1,1,1,246780,472,,,,133,1
28733,2026-07-07T00:31:00Z,hrebenne,Hrebenne,19,"Рава-Руська – Хребенне. Товари 1-24 групи УКТЗЕД (≥ 7,5 тонн)",truck_goods_1_24,1,1,1,46920,51,,,,133,1
28747,2026-07-07T00:31:00Z,hrebenne,Hrebenne,78,Рава-Руська – Хребенне. Автобуси (за розкладом),bus,2,2,0,,,14,14,,133,2
28730,2026-07-07T00:31:00Z,korczowa,Korczowa,6,"Краківець – Корчова (для вантажівок ≥ 7,5 тонн)",truck_ge_7_5t,1,1,1,180180,437,,,,133,1
28731,2026-07-07T00:31:00Z,korczowa,Korczowa,20,"Краківець – Корчова. Товари 1-24 групи УКТЗЕД (≥ 7,5 тонн)",truck_goods_1_24,1,1,0,0,0,,,,133,1
28745,2026-07-07T00:31:00Z,korczowa,Korczowa,23,Краківець – Корчова. Автобуси,bus,2,1,0,0,8,,,,133,2
28748,2026-07-07T00:31:00Z,kroscienko,Krościenko,75,Смільниця – Кросьценко. Автобуси (за розкладом),bus,2,2,0,,,33,33,,133,2
28734,2026-07-07T00:31:00Z,kroscienko,Krościenko,84,"Смільниця – Кросьценко (для вантажівок ≤ 7,5 тонн)",truck_le_7_5t,1,1,0,0,6,,,,133,1
28746,2026-07-07T00:31:00Z,malhowice,Małhowice,102,Нижанковичі – Мальховичі. Автобуси (за розкладом),bus,2,2,0,,,22,22,,133,2
28739,2026-07-07T00:31:00Z,medyka,Medyka,8,"Шегині – Медика (для вантажівок ≥ 7,5 тонн)",truck_ge_7_5t,1,1,0,197880,196,,,,133,1
28751,2026-07-07T00:31:00Z,medyka,Medyka,24,Шегині - Медика. Автобуси,bus,2,1,0,0,4,,,Ускладнений рух у зв'язку з ремонтними роботами на ММПП,133,2
28740,2026-07-07T00:31:00Z,medyka,Medyka,91,"Шегині – Медика (для порожніх вантажівок ≥ 3,5 тонн)",truck_empty,1,1,1,312300,347,,,,133,1
28738,2026-07-07T00:31:00Z,zosin,Zosin,7,"Устилуг – Зосин (для порожніх вантажівок ≥ 7,5 тонн)",truck_empty,1,1,1,262800,373,,,,133,1
28737,2026-07-07T00:31:00Z,zosin,Zosin,80,"Устилуг – Зосин (для вантажівок ≤ 7,5 тонн)",truck_le_7_5t,1,1,0,99900,114,,,,133,1
28750,2026-07-07T00:31:00Z,zosin,Zosin,113,Устилуг - Зосин. Автобуси (за розкладом),bus,2,2,1,,,19,19,,133,2
28753,2026-07-07T01:01:00Z,budomierz,Budomierz,88,"Грушів – Будомєж (для вантажівок ≤ 7,5 тонн)",truck_le_7_5t,1,1,1,1680,7,,,,133,1
28768,2026-07-07T01:01:00Z,budomierz,Budomierz,104,Грушів – Будомєж. Автобуси (за розкладом),bus,2,2,0,,,14,14,,133,2
28760,2026-07-07T01:01:00Z,dolhobyczow,Dołhobyczów,31,"Угринів – Долгобичув (для порожніх вантажівок ≥ 7,5 тонн)",truck_empty,1,1,0,259740,338,,,,133,1
28773,2026-07-07T01:01:00Z,dolhobyczow,Dołhobyczów,76,Угринів – Долгобичув. Автобуси (за розкладом),bus,2,2,0,,,27,27,,133,2
28759,2026-07-07T01:01:00Z,dolhobyczow,Dołhobyczów,98,"Угринів – Долгобичув (для вантажівок ≥ 3,5 тонн до ≤ 7,5 тонн)",truck_le_7_5t,1,1,0,104520,139,,,,133,1
28765,2026-07-07T01:01:00Z,dorohusk,Dorohusk,1,"Ягодин – Дорогуськ (для вантажівок ≥ 7,5 тонн)",truck_ge_7_5t,1,1,0,247200,847,,,,133,1
28767,2026-07-07T01:01:00Z,dorohusk,Dorohusk,2,"Ягодин – Дорогуськ. Товари 1-24 групи УКТЗЕД (≥ 7,5 тонн)",truck_goods_1_24,1,1,0,0,3,,,,133,1
28766,2026-07-07T01:01:00Z,dorohusk,Dorohusk,29,"Ягодин – Дорогуськ (для порожніх вантажівок ≥ 7,5 тонн)",truck_empty,1,1,0,312000,1064,,,,133,1
28776,2026-07-07T01:01:00Z,dorohusk,Dorohusk,54,Ягодин – Дорогуськ. Автобуси (за розкладом),bus,2,2,0,,,27,27,,133,2
28756,2026-07-07T01:01:00Z,hrebenne,Hrebenne,5,"Рава-Руська – Хребенне (для вантажівок ≥ 7,5 тонн)",truck_ge_7_5t,1,1,1,248400,474,,,,133,1
28757,2026-07-07T01:01:00Z,hrebenne,Hrebenne,19,"Рава-Руська – Хребенне. Товари 1-24 групи УКТЗЕД (≥ 7,5 тонн)",truck_goods_1_24,1,1,1,46920,51,,,,133,1
28771,2026-07-07T01:01:00Z,hrebenne,Hrebenne,78,Рава-Руська – Хребенне. Автобуси (за розкладом),bus,2,2,0,,,13,13,,133,2
28754,2026-07-07T01:01:00Z,korczowa,Korczowa,6,"Краківець – Корчова (для вантажівок ≥ 7,5 тонн)",truck_ge_7_5t,1,1,1,179760,437,,,,133,1
28755,2026-07-07T01:01:00Z,korczowa,Korczowa,20,"Краківець – Корчова. Товари 1-24 групи УКТЗЕД (≥ 7,5 тонн)",truck_goods_1_24,1,1,0,0,0,,,,133,1
28769,2026-07-07T01:01:00Z,korczowa,Korczowa,23,Краківець – Корчова. Автобуси,bus,2,1,0,0,8,,,,133,2
28772,2026-07-07T01:01:00Z,kroscienko,Krościenko,75,Смільниця – Кросьценко. Автобуси (за розкладом),bus,2,2,0,,,31,31,,133,2
28758,2026-07-07T01:01:00Z,kroscienko,Krościenko,84,"Смільниця – Кросьценко (для вантажівок ≤ 7,5 тонн)",truck_le_7_5t,1,1,0,960,6,,,,133,1
28770,2026-07-07T01:01:00Z,malhowice,Małhowice,102,Нижанковичі – Мальховичі. Автобуси (за розкладом),bus,2,2,0,,,21,21,,133,2
28763,2026-07-07T01:01:00Z,medyka,Medyka,8,"Шегині – Медика (для вантажівок ≥ 7,5 тонн)",truck_ge_7_5t,1,1,1,196860,195,,,,133,1
28775,2026-07-07T01:01:00Z,medyka,Medyka,24,Шегині - Медика. Автобуси,bus,2,1,0,0,4,,,Ускладнений рух у зв'язку з ремонтними роботами на ММПП,133,2
28764,2026-07-07T01:01:00Z,medyka,Medyka,91,"Шегині – Медика (для порожніх вантажівок ≥ 3,5 тонн)",truck_empty,1,1,1,312300,347,,,,133,1
28762,2026-07-07T01:01:00Z,zosin,Zosin,7,"Устилуг – Зосин (для порожніх вантажівок ≥ 7,5 тонн)",truck_empty,1,1,1,262800,373,,,,133,1
28761,2026-07-07T01:01:00Z,zosin,Zosin,80,"Устилуг – Зосин (для вантажівок ≤ 7,5 тонн)",truck_le_7_5t,1,1,0,98100,110,,,,133,1
28774,2026-07-07T01:01:00Z,zosin,Zosin,113,Устилуг - Зосин. Автобуси (за розкладом),bus,2,2,1,,,17,17,,133,2
28777,2026-07-07T01:17:00Z,budomierz,Budomierz,88,"Грушів – Будомєж (для вантажівок ≤ 7,5 тонн)",truck_le_7_5t,1,1,1,1680,7,,,,133,1
28792,2026-07-07T01:17:00Z,budomierz,Budomierz,104,Грушів – Будомєж. Автобуси (за розкладом),bus,2,2,0,,,14,14,,133,2
28784,2026-07-07T01:17:00Z,dolhobyczow,Dołhobyczów,31,"Угринів – Долгобичув (для порожніх вантажівок ≥ 7,5 тонн)",truck_empty,1,1,0,259740,338,,,,133,1
28797,2026-07-07T01:17:00Z,dolhobyczow,Dołhobyczów,76,Угринів – Долгобичув. Автобуси (за розкладом),bus,2,2,0,,,27,27,,133,2
28783,2026-07-07T01:17:00Z,dolhobyczow,Dołhobyczów,98,"Угринів – Долгобичув (для вантажівок ≥ 3,5 тонн до ≤ 7,5 тонн)",truck_le_7_5t,1,1,0,104520,139,,,,133,1
28789,2026-07-07T01:17:00Z,dorohusk,Dorohusk,1,"Ягодин – Дорогуськ (для вантажівок ≥ 7,5 тонн)",truck_ge_7_5t,1,1,0,247200,847,,,,133,1
28791,2026-07-07T01:17:00Z,dorohusk,Dorohusk,2,"Ягодин – Дорогуськ. Товари 1-24 групи УКТЗЕД (≥ 7,5 тонн)",truck_goods_1_24,1,1,0,0,3,,,,133,1
28790,2026-07-07T01:17:00Z,dorohusk,Dorohusk,29,"Ягодин – Дорогуськ (для порожніх вантажівок ≥ 7,5 тонн)",truck_empty,1,1,0,308400,1051,,,,133,1
28800,2026-07-07T01:17:00Z,dorohusk,Dorohusk,54,Ягодин – Дорогуськ. Автобуси (за розкладом),bus,2,2,0,,,26,26,,133,2
28780,2026-07-07T01:17:00Z,hrebenne,Hrebenne,5,"Рава-Руська – Хребенне (для вантажівок ≥ 7,5 тонн)",truck_ge_7_5t,1,1,1,248940,475,,,,133,1
28781,2026-07-07T01:17:00Z,hrebenne,Hrebenne,19,"Рава-Руська – Хребенне. Товари 1-24 групи УКТЗЕД (≥ 7,5 тонн)",truck_goods_1_24,1,1,1,46920,51,,,,133,1
28795,2026-07-07T01:17:00Z,hrebenne,Hrebenne,78,Рава-Руська – Хребенне. Автобуси (за розкладом),bus,2,2,0,,,13,13,,133,2
28778,2026-07-07T01:17:00Z,korczowa,Korczowa,6,"Краківець – Корчова (для вантажівок ≥ 7,5 тонн)",truck_ge_7_5t,1,1,1,178920,438,,,,133,1
28779,2026-07-07T01:17:00Z,korczowa,Korczowa,20,"Краківець – Корчова. Товари 1-24 групи УКТЗЕД (≥ 7,5 тонн)",truck_goods_1_24,1,1,0,0,1,,,,133,1
28793,2026-07-07T01:17:00Z,korczowa,Korczowa,23,Краківець – Корчова. Автобуси,bus,2,1,0,0,8,,,,133,2
28796,2026-07-07T01:17:00Z,kroscienko,Krościenko,75,Смільниця – Кросьценко. Автобуси (за розкладом),bus,2,2,0,,,31,31,,133,2
28782,2026-07-07T01:17:00Z,kroscienko,Krościenko,84,"Смільниця – Кросьценко (для вантажівок ≤ 7,5 тонн)",truck_le_7_5t,1,1,1,0,4,,,,133,1
28794,2026-07-07T01:17:00Z,malhowice,Małhowice,102,Нижанковичі – Мальховичі. Автобуси (за розкладом),bus,2,2,0,,,21,21,,133,2
28787,2026-07-07T01:17:00Z,medyka,Medyka,8,"Шегині – Медика (для вантажівок ≥ 7,5 тонн)",truck_ge_7_5t,1,1,1,196860,195,,,,133,1
28799,2026-07-07T01:17:00Z,medyka,Medyka,24,Шегині - Медика. Автобуси,bus,2,1,0,0,4,,,Ускладнений рух у зв'язку з ремонтними роботами на ММПП,133,2
28788,2026-07-07T01:17:00Z,medyka,Medyka,91,"Шегині – Медика (для порожніх вантажівок ≥ 3,5 тонн)",truck_empty,1,1,1,312300,347,,,,133,1
28786,2026-07-07T01:17:00Z,zosin,Zosin,7,"Устилуг – Зосин (для порожніх вантажівок ≥ 7,5 тонн)",truck_empty,1,1,0,258480,367,,,,133,1
28785,2026-07-07T01:17:00Z,zosin,Zosin,80,"Устилуг – Зосин (для вантажівок ≤ 7,5 тонн)",truck_le_7_5t,1,1,1,95400,109,,,,133,1
28798,2026-07-07T01:17:00Z,zosin,Zosin,113,Устилуг - Зосин. Автобуси (за розкладом),bus,2,2,1,,,17,17,,133,2
28801,2026-07-07T01:31:00Z,budomierz,Budomierz,88,"Грушів – Будомєж (для вантажівок ≤ 7,5 тонн)",truck_le_7_5t,1,1,1,1680,7,,,,133,1
28816,2026-07-07T01:31:00Z,budomierz,Budomierz,104,Грушів – Будомєж. Автобуси (за розкладом),bus,2,2,0,,,14,14,,133,2
28808,2026-07-07T01:31:00Z,dolhobyczow,Dołhobyczów,31,"Угринів – Долгобичув (для порожніх вантажівок ≥ 7,5 тонн)",truck_empty,1,1,0,259740,338,,,,133,1
28821,2026-07-07T01:31:00Z,dolhobyczow,Dołhobyczów,76,Угринів – Долгобичув. Автобуси (за розкладом),bus,2,2,0,,,27,27,,133,2
28807,2026-07-07T01:31:00Z,dolhobyczow,Dołhobyczów,98,"Угринів – Долгобичув (для вантажівок ≥ 3,5 тонн до ≤ 7,5 тонн)",truck_le_7_5t,1,1,0,104520,139,,,,133,1
28813,2026-07-07T01:31:00Z,dorohusk,Dorohusk,1,"Ягодин – Дорогуськ (для вантажівок ≥ 7,5 тонн)",truck_ge_7_5t,1,1,0,245100,839,,,,133,1
28815,2026-07-07T01:31:00Z,dorohusk,Dorohusk,2,"Ягодин – Дорогуськ. Товари 1-24 групи УКТЗЕД (≥ 7,5 тонн)",truck_goods_1_24,1,1,0,0,2,,,,133,1
28814,2026-07-07T01:31:00Z,dorohusk,Dorohusk,29,"Ягодин – Дорогуськ (для порожніх вантажівок ≥ 7,5 тонн)",truck_empty,1,1,0,307800,1049,,,,133,1
28824,2026-07-07T01:31:00Z,dorohusk,Dorohusk,54,Ягодин – Дорогуськ. Автобуси (за розкладом),bus,2,2,0,,,26,26,,133,2
28804,2026-07-07T01:31:00Z,hrebenne,Hrebenne,5,"Рава-Руська – Хребенне (для вантажівок ≥ 7,5 тонн)",truck_ge_7_5t,1,1,1,249480,476,,,,133,1
28805,2026-07-07T01:31:00Z,hrebenne,Hrebenne,19,"Рава-Руська – Хребенне. Товари 1-24 групи УКТЗЕД (≥ 7,5 тонн)",truck_goods_1_24,1,1,1,46920,51,,,,133,1
28819,2026-07-07T01:31:00Z,hrebenne,Hrebenne,78,Рава-Руська – Хребенне. Автобуси (за розкладом),bus,2,2,0,,,13,13,,133,2
28802,2026-07-07T01:31:00Z,korczowa,Korczowa,6,"Краківець – Корчова (для вантажівок ≥ 7,5 тонн)",truck_ge_7_5t,1,1,0,177240,430,,,,133,1
28803,2026-07-07T01:31:00Z,korczowa,Korczowa,20,"Краківець – Корчова. Товари 1-24 групи УКТЗЕД (≥ 7,5 тонн)",truck_goods_1_24,1,1,0,0,0,,,,133,1
28817,2026-07-07T01:31:00Z,korczowa,Korczowa,23,Краківець – Корчова. Автобуси,bus,2,1,0,0,8,,,,133,2
28820,2026-07-07T01:31:00Z,kroscienko,Krościenko,75,Смільниця – Кросьценко. Автобуси (за розкладом),bus,2,2,0,,,31,31,,133,2
28806,2026-07-07T01:31:00Z,kroscienko,Krościenko,84,"Смільниця – Кросьценко (для вантажівок ≤ 7,5 тонн)",truck_le_7_5t,1,1,1,0,4,,,,133,1
28818,2026-07-07T01:31:00Z,malhowice,Małhowice,102,Нижанковичі – Мальховичі. Автобуси (за розкладом),bus,2,2,0,,,21,21,,133,2
28811,2026-07-07T01:31:00Z,medyka,Medyka,8,"Шегині – Медика (для вантажівок ≥ 7,5 тонн)",truck_ge_7_5t,1,1,1,196860,195,,,,133,1
28823,2026-07-07T01:31:00Z,medyka,Medyka,24,Шегині - Медика. Автобуси,bus,2,1,0,0,4,,,Ускладнений рух у зв'язку з ремонтними роботами на ММПП,133,2
28812,2026-07-07T01:31:00Z,medyka,Medyka,91,"Шегині – Медика (для порожніх вантажівок ≥ 3,5 тонн)",truck_empty,1,1,1,312300,347,,,,133,1
28810,2026-07-07T01:31:00Z,zosin,Zosin,7,"Устилуг – Зосин (для порожніх вантажівок ≥ 7,5 тонн)",truck_empty,1,1,0,259200,368,,,,133,1
28809,2026-07-07T01:31:00Z,zosin,Zosin,80,"Устилуг – Зосин (для вантажівок ≤ 7,5 тонн)",truck_le_7_5t,1,1,1,95400,109,,,,133,1
28822,2026-07-07T01:31:00Z,zosin,Zosin,113,Устилуг - Зосин. Автобуси (за розкладом),bus,2,2,0,,,17,17,,133,2
28825,2026-07-07T02:01:00Z,budomierz,Budomierz,88,"Грушів – Будомєж (для вантажівок ≤ 7,5 тонн)",truck_le_7_5t,1,1,1,1680,7,,,,133,1
28840,2026-07-07T02:01:00Z,budomierz,Budomierz,104,Грушів – Будомєж. Автобуси (за розкладом),bus,2,2,0,,,12,12,,133,2
28832,2026-07-07T02:01:00Z,dolhobyczow,Dołhobyczów,31,"Угринів – Долгобичув (для порожніх вантажівок ≥ 7,5 тонн)",truck_empty,1,1,0,259740,338,,,,133,1
28845,2026-07-07T02:01:00Z,dolhobyczow,Dołhobyczów,76,Угринів – Долгобичув. Автобуси (за розкладом),bus,2,2,0,,,25,25,,133,2
28831,2026-07-07T02:01:00Z,dolhobyczow,Dołhobyczów,98,"Угринів – Долгобичув (для вантажівок ≥ 3,5 тонн до ≤ 7,5 тонн)",truck_le_7_5t,1,1,0,100620,134,,,,133,1
28837,2026-07-07T02:01:00Z,dorohusk,Dorohusk,1,"Ягодин – Дорогуськ (для вантажівок ≥ 7,5 тонн)",truck_ge_7_5t,1,1,1,243600,834,,,,133,1
28839,2026-07-07T02:01:00Z,dorohusk,Dorohusk,2,"Ягодин – Дорогуськ. Товари 1-24 групи УКТЗЕД (≥ 7,5 тонн)",truck_goods_1_24,1,1,0,0,1,,,,133,1
28838,2026-07-07T02:01:00Z,dorohusk,Dorohusk,29,"Ягодин – Дорогуськ (для порожніх вантажівок ≥ 7,5 тонн)",truck_empty,1,1,1,308400,1050,,,,133,1
28848,2026-07-07T02:01:00Z,dorohusk,Dorohusk,54,Ягодин – Дорогуськ. Автобуси (за розкладом),bus,2,2,0,,,25,25,,133,2
28828,2026-07-07T02:01:00Z,hrebenne,Hrebenne,5,"Рава-Руська – Хребенне (для вантажівок ≥ 7,5 тонн)",truck_ge_7_5t,1,1,1,249480,476,,,,133,1
28829,2026-07-07T02:01:00Z,hrebenne,Hrebenne,19,"Рава-Руська – Хребенне. Товари 1-24 групи УКТЗЕД (≥ 7,5 тонн)",truck_goods_1_24,1,1,1,47940,52,,,,133,1
28843,2026-07-07T02:01:00Z,hrebenne,Hrebenne,78,Рава-Руська – Хребенне. Автобуси (за розкладом),bus,2,2,0,,,11,11,,133,2
28826,2026-07-07T02:01:00Z,korczowa,Korczowa,6,"Краківець – Корчова (для вантажівок ≥ 7,5 тонн)",truck_ge_7_5t,1,1,0,174300,425,,,,133,1
28827,2026-07-07T02:01:00Z,korczowa,Korczowa,20,"Краківець – Корчова. Товари 1-24 групи УКТЗЕД (≥ 7,5 тонн)",truck_goods_1_24,1,1,0,0,1,,,,133,1
28841,2026-07-07T02:01:00Z,korczowa,Korczowa,23,Краківець – Корчова. Автобуси,bus,2,1,0,0,8,,,,133,2
28844,2026-07-07T02:01:00Z,kroscienko,Krościenko,75,Смільниця – Кросьценко. Автобуси (за розкладом),bus,2,2,0,,,29,29,,133,2
28830,2026-07-07T02:01:00Z,kroscienko,Krościenko,84,"Смільниця – Кросьценко (для вантажівок ≤ 7,5 тонн)",truck_le_7_5t,1,1,1,1920,6,,,,133,1
28842,2026-07-07T02:01:00Z,malhowice,Małhowice,102,Нижанковичі – Мальховичі. Автобуси (за розкладом),bus,2,2,0,,,20,20,,133,2
28835,2026-07-07T02:01:00Z,medyka,Medyka,8,"Шегині – Медика (для вантажівок ≥ 7,5 тонн)",truck_ge_7_5t,1,1,0,194820,193,,,,133,1
28847,2026-07-07T02:01:00Z,medyka,Medyka,24,Шегині - Медика. Автобуси,bus,2,1,0,0,4,,,Ускладнений рух у зв'язку з ремонтними роботами на ММПП,133,2
28836,2026-07-07T02:01:00Z,medyka,Medyka,91,"Шегині – Медика (для порожніх вантажівок ≥ 3,5 тонн)",truck_empty,1,1,1,312300,346,,,,133,1
28834,2026-07-07T02:01:00Z,zosin,Zosin,7,"Устилуг – Зосин (для порожніх вантажівок ≥ 7,5 тонн)",truck_empty,1,1,0,259200,368,,,,133,1
28833,2026-07-07T02:01:00Z,zosin,Zosin,80,"Устилуг – Зосин (для вантажівок ≤ 7,5 тонн)",truck_le_7_5t,1,1,1,93600,110,,,,133,1
28846,2026-07-07T02:01:00Z,zosin,Zosin,113,Устилуг - Зосин. Автобуси (за розкладом),bus,2,2,0,,,15,15,,133,2
28849,2026-07-07T02:31:00Z,budomierz,Budomierz,88,"Грушів – Будомєж (для вантажівок ≤ 7,5 тонн)",truck_le_7_5t,1,1,1,1680,7,,,,133,1
28864,2026-07-07T02:31:00Z,budomierz,Budomierz,104,Грушів – Будомєж. Автобуси (за розкладом),bus,2,2,0,,,12,12,,133,2
28856,2026-07-07T02:31:00Z,dolhobyczow,Dołhobyczów,31,"Угринів – Долгобичув (для порожніх вантажівок ≥ 7,5 тонн)",truck_empty,1,1,0,259740,337,,,,133,1
28869,2026-07-07T02:31:00Z,dolhobyczow,Dołhobyczów,76,Угринів – Долгобичув. Автобуси (за розкладом),bus,2,2,0,,,25,25,,133,2
28855,2026-07-07T02:31:00Z,dolhobyczow,Dołhobyczów,98,"Угринів – Долгобичув (для вантажівок ≥ 3,5 тонн до ≤ 7,5 тонн)",truck_le_7_5t,1,1,0,98280,131,,,,133,1
28861,2026-07-07T02:31:00Z,dorohusk,Dorohusk,1,"Ягодин – Дорогуськ (для вантажівок ≥ 7,5 тонн)",truck_ge_7_5t,1,1,0,242100,831,,,,133,1
28863,2026-07-07T02:31:00Z,dorohusk,Dorohusk,2,"Ягодин – Дорогуськ. Товари 1-24 групи УКТЗЕД (≥ 7,5 тонн)",truck_goods_1_24,1,1,0,0,0,,,,133,1
28862,2026-07-07T02:31:00Z,dorohusk,Dorohusk,29,"Ягодин – Дорогуськ (для порожніх вантажівок ≥ 7,5 тонн)",truck_empty,1,1,0,306300,1042,,,,133,1
28872,2026-07-07T02:31:00Z,dorohusk,Dorohusk,54,Ягодин – Дорогуськ. Автобуси (за розкладом),bus,2,2,0,,,25,25,,133,2
28852,2026-07-07T02:31:00Z,hrebenne,Hrebenne,5,"Рава-Руська – Хребенне (для вантажівок ≥ 7,5 тонн)",truck_ge_7_5t,1,1,1,244080,466,,,,133,1
28853,2026-07-07T02:31:00Z,hrebenne,Hrebenne,19,"Рава-Руська – Хребенне. Товари 1-24 групи УКТЗЕД (≥ 7,5 тонн)",truck_goods_1_24,1,1,1,42840,47,,,,133,1
28867,2026-07-07T02:31:00Z,hrebenne,Hrebenne,78,Рава-Руська – Хребенне. Автобуси (за розкладом),bus,2,2,0,,,11,11,,133,2
28850,2026-07-07T02:31:00Z,korczowa,Korczowa,6,"Краківець – Корчова (для вантажівок ≥ 7,5 тонн)",truck_ge_7_5t,1,1,0,174300,425,,,,133,1
28851,2026-07-07T02:31:00Z,korczowa,Korczowa,20,"Краківець – Корчова. Товари 1-24 групи УКТЗЕД (≥ 7,5 тонн)",truck_goods_1_24,1,1,0,2340,9,,,,133,1
28865,2026-07-07T02:31:00Z,korczowa,Korczowa,23,Краківець – Корчова. Автобуси,bus,2,1,0,0,8,,,,133,2
28868,2026-07-07T02:31:00Z,kroscienko,Krościenko,75,Смільниця – Кросьценко. Автобуси (за розкладом),bus,2,2,0,,,29,29,,133,2
28854,2026-07-07T02:31:00Z,kroscienko,Krościenko,84,"Смільниця – Кросьценко (для вантажівок ≤ 7,5 тонн)",truck_le_7_5t,1,1,1,6720,11,,,,133,1
28866,2026-07-07T02:31:00Z,malhowice,Małhowice,102,Нижанковичі – Мальховичі. Автобуси (за розкладом),bus,2,2,0,,,20,20,,133,2
28859,2026-07-07T02:31:00Z,medyka,Medyka,8,"Шегині – Медика (для вантажівок ≥ 7,5 тонн)",truck_ge_7_5t,1,1,0,194820,193,,,,133,1
28871,2026-07-07T02:31:00Z,medyka,Medyka,24,Шегині - Медика. Автобуси,bus,2,1,0,0,4,,,Ускладнений рух у зв'язку з ремонтними роботами на ММПП,133,2
28860,2026-07-07T02:31:00Z,medyka,Medyka,91,"Шегині – Медика (для порожніх вантажівок ≥ 3,5 тонн)",truck_empty,1,1,1,312300,346,,,,133,1
28858,2026-07-07T02:31:00Z,zosin,Zosin,7,"Устилуг – Зосин (для порожніх вантажівок ≥ 7,5 тонн)",truck_empty,1,1,0,253440,360,,,,133,1
28857,2026-07-07T02:31:00Z,zosin,Zosin,80,"Устилуг – Зосин (для вантажівок ≤ 7,5 тонн)",truck_le_7_5t,1,1,0,90900,107,,,,133,1
28870,2026-07-07T02:31:00Z,zosin,Zosin,113,Устилуг - Зосин. Автобуси (за розкладом),bus,2,2,0,,,15,15,,133,2
28873,2026-07-07T03:01:00Z,budomierz,Budomierz,88,"Грушів – Будомєж (для вантажівок ≤ 7,5 тонн)",truck_le_7_5t,1,1,1,1680,7,,,,133,1
28888,2026-07-07T03:01:00Z,budomierz,Budomierz,104,Грушів – Будомєж. Автобуси (за розкладом),bus,2,2,0,,,11,11,,133,2
28880,2026-07-07T03:01:00Z,dolhobyczow,Dołhobyczów,31,"Угринів – Долгобичув (для порожніх вантажівок ≥ 7,5 тонн)",truck_empty,1,1,0,255060,332,,,,133,1
28893,2026-07-07T03:01:00Z,dolhobyczow,Dołhobyczów,76,Угринів – Долгобичув. Автобуси (за розкладом),bus,2,2,0,,,23,23,,133,2
28879,2026-07-07T03:01:00Z,dolhobyczow,Dołhobyczów,98,"Угринів – Долгобичув (для вантажівок ≥ 3,5 тонн до ≤ 7,5 тонн)",truck_le_7_5t,1,1,0,98280,131,,,,133,1
28885,2026-07-07T03:01:00Z,dorohusk,Dorohusk,1,"Ягодин – Дорогуськ (для вантажівок ≥ 7,5 тонн)",truck_ge_7_5t,1,1,0,238200,818,,,,133,1
28887,2026-07-07T03:01:00Z,dorohusk,Dorohusk,2,"Ягодин – Дорогуськ. Товари 1-24 групи УКТЗЕД (≥ 7,5 тонн)",truck_goods_1_24,1,1,0,0,0,,,,133,1
28886,2026-07-07T03:01:00Z,dorohusk,Dorohusk,29,"Ягодин – Дорогуськ (для порожніх вантажівок ≥ 7,5 тонн)",truck_empty,1,1,0,305100,1039,,,,133,1
28896,2026-07-07T03:01:00Z,dorohusk,Dorohusk,54,Ягодин – Дорогуськ. Автобуси (за розкладом),bus,2,2,0,,,24,24,,133,2
28876,2026-07-07T03:01:00Z,hrebenne,Hrebenne,5,"Рава-Руська – Хребенне (для вантажівок ≥ 7,5 тонн)",truck_ge_7_5t,1,1,1,244620,467,,,,133,1
28877,2026-07-07T03:01:00Z,hrebenne,Hrebenne,19,"Рава-Руська – Хребенне. Товари 1-24 групи УКТЗЕД (≥ 7,5 тонн)",truck_goods_1_24,1,1,1,42840,47,,,,133,1
28891,2026-07-07T03:01:00Z,hrebenne,Hrebenne,78,Рава-Руська – Хребенне. Автобуси (за розкладом),bus,2,2,0,,,10,10,,133,2
28874,2026-07-07T03:01:00Z,korczowa,Korczowa,6,"Краківець – Корчова (для вантажівок ≥ 7,5 тонн)",truck_ge_7_5t,1,1,0,169680,416,,,,133,1
28875,2026-07-07T03:01:00Z,korczowa,Korczowa,20,"Краківець – Корчова. Товари 1-24 групи УКТЗЕД (≥ 7,5 тонн)",truck_goods_1_24,1,1,0,0,6,,,,133,1
28889,2026-07-07T03:01:00Z,korczowa,Korczowa,23,Краківець – Корчова. Автобуси,bus,2,1,0,0,8,,,,133,2
28892,2026-07-07T03:01:00Z,kroscienko,Krościenko,75,Смільниця – Кросьценко. Автобуси (за розкладом),bus,2,2,0,,,27,27,,133,2
28878,2026-07-07T03:01:00Z,kroscienko,Krościenko,84,"Смільниця – Кросьценко (для вантажівок ≤ 7,5 тонн)",truck_le_7_5t,1,1,0,7680,12,,,,133,1
28890,2026-07-07T03:01:00Z,malhowice,Małhowice,102,Нижанковичі – Мальховичі. Автобуси (за розкладом),bus,2,2,0,,,19,19,,133,2
28883,2026-07-07T03:01:00Z,medyka,Medyka,8,"Шегині – Медика (для вантажівок ≥ 7,5 тонн)",truck_ge_7_5t,1,1,0,191760,189,,,,133,1
28895,2026-07-07T03:01:00Z,medyka,Medyka,24,Шегині - Медика. Автобуси,bus,2,1,0,0,3,,,Ускладнений рух у зв'язку з ремонтними роботами на ММПП,133,2
28884,2026-07-07T03:01:00Z,medyka,Medyka,91,"Шегині – Медика (для порожніх вантажівок ≥ 3,5 тонн)",truck_empty,1,1,0,310500,345,,,,133,1
28882,2026-07-07T03:01:00Z,zosin,Zosin,7,"Устилуг – Зосин (для порожніх вантажівок ≥ 7,5 тонн)",truck_empty,1,1,0,253440,360,,,,133,1
28881,2026-07-07T03:01:00Z,zosin,Zosin,80,"Устилуг – Зосин (для вантажівок ≤ 7,5 тонн)",truck_le_7_5t,1,1,0,87300,103,,,,133,1
28894,2026-07-07T03:01:00Z,zosin,Zosin,113,Устилуг - Зосин. Автобуси (за розкладом),bus,2,2,0,,,13,13,,133,2
28897,2026-07-07T03:30:00Z,budomierz,Budomierz,88,"Грушів – Будомєж (для вантажівок ≤ 7,5 тонн)",truck_le_7_5t,1,1,1,1680,7,,,,133,1
28912,2026-07-07T03:30:00Z,budomierz,Budomierz,104,Грушів – Будомєж. Автобуси (за розкладом),bus,2,2,0,,,11,11,,133,2
28904,2026-07-07T03:30:00Z,dolhobyczow,Dołhobyczów,31,"Угринів – Долгобичув (для порожніх вантажівок ≥ 7,5 тонн)",truck_empty,1,1,0,254280,331,,,,133,1
28917,2026-07-07T03:30:00Z,dolhobyczow,Dołhobyczów,76,Угринів – Долгобичув. Автобуси (за розкладом),bus,2,2,0,,,23,23,,133,2
28903,2026-07-07T03:30:00Z,dolhobyczow,Dołhobyczów,98,"Угринів – Долгобичув (для вантажівок ≥ 3,5 тонн до ≤ 7,5 тонн)",truck_le_7_5t,1,1,0,99060,131,,,,133,1
28909,2026-07-07T03:30:00Z,dorohusk,Dorohusk,1,"Ягодин – Дорогуськ (для вантажівок ≥ 7,5 тонн)",truck_ge_7_5t,1,1,0,235800,810,,,,133,1
28911,2026-07-07T03:30:00Z,dorohusk,Dorohusk,2,"Ягодин – Дорогуськ. Товари 1-24 групи УКТЗЕД (≥ 7,5 тонн)",truck_goods_1_24,1,1,0,0,0,,,,133,1
28910,2026-07-07T03:30:00Z,dorohusk,Dorohusk,29,"Ягодин – Дорогуськ (для порожніх вантажівок ≥ 7,5 тонн)",truck_empty,1,1,0,304800,1038,,,,133,1
28920,2026-07-07T03:30:00Z,dorohusk,Dorohusk,54,Ягодин – Дорогуськ. Автобуси (за розкладом),bus,2,2,0,,,24,24,,133,2
28900,2026-07-07T03:30:00Z,hrebenne,Hrebenne,5,"Рава-Руська – Хребенне (для вантажівок ≥ 7,5 тонн)",truck_ge_7_5t,1,1,1,244620,467,,,,133,1
28901,2026-07-07T03:30:00Z,hrebenne,Hrebenne,19,"Рава-Руська – Хребенне. Товари 1-24 групи УКТЗЕД (≥ 7,5 тонн)",truck_goods_1_24,1,1,1,42840,47,,,,133,1
28915,2026-07-07T03:30:00Z,hrebenne,Hrebenne,78,Рава-Руська – Хребенне. Автобуси (за розкладом),bus,2,2,0,,,10,10,,133,2
28898,2026-07-07T03:30:00Z,korczowa,Korczowa,6,"Краківець – Корчова (для вантажівок ≥ 7,5 тонн)",truck_ge_7_5t,1,1,0,166740,409,,,,133,1
28899,2026-07-07T03:30:00Z,korczowa,Korczowa,20,"Краківець – Корчова. Товари 1-24 групи УКТЗЕД (≥ 7,5 тонн)",truck_goods_1_24,1,1,0,0,4,,,,133,1
28913,2026-07-07T03:30:00Z,korczowa,Korczowa,23,Краківець – Корчова. Автобуси,bus,2,1,0,0,8,,,,133,2
28916,2026-07-07T03:30:00Z,kroscienko,Krościenko,75,Смільниця – Кросьценко. Автобуси (за розкладом),bus,2,2,0,,,27,27,,133,2
28902,2026-07-07T03:30:00Z,kroscienko,Krościenko,84,"Смільниця – Кросьценко (для вантажівок ≤ 7,5 тонн)",truck_le_7_5t,1,1,0,5760,11,,,,133,1
28914,2026-07-07T03:30:00Z,malhowice,Małhowice,102,Нижанковичі – Мальховичі. Автобуси (за розкладом),bus,2,2,0,,,19,19,,133,2
28907,2026-07-07T03:30:00Z,medyka,Medyka,8,"Шегині – Медика (для вантажівок ≥ 7,5 тонн)",truck_ge_7_5t,1,1,0,189720,187,,,,133,1
28919,2026-07-07T03:30:00Z,medyka,Medyka,24,Шегині - Медика. Автобуси,bus,2,1,0,0,3,,,Ускладнений рух у зв'язку з ремонтними роботами на ММПП,133,2
28908,2026-07-07T03:30:00Z,medyka,Medyka,91,"Шегині – Медика (для порожніх вантажівок ≥ 3,5 тонн)",truck_empty,1,1,0,307800,342,,,,133,1
28906,2026-07-07T03:30:00Z,zosin,Zosin,7,"Устилуг – Зосин (для порожніх вантажівок ≥ 7,5 тонн)",truck_empty,1,1,0,254160,361,,,,133,1
28905,2026-07-07T03:30:00Z,zosin,Zosin,80,"Устилуг – Зосин (для вантажівок ≤ 7,5 тонн)",truck_le_7_5t,1,1,0,87300,103,,,,133,1
28918,2026-07-07T03:30:00Z,zosin,Zosin,113,Устилуг - Зосин. Автобуси (за розкладом),bus,2,2,0,,,13,13,,133,2
28921,2026-07-07T04:01:00Z,budomierz,Budomierz,88,"Грушів – Будомєж (для вантажівок ≤ 7,5 тонн)",truck_le_7_5t,1,1,1,840,6,,,,133,1
28936,2026-07-07T04:01:00Z,budomierz,Budomierz,104,Грушів – Будомєж. Автобуси (за розкладом),bus,2,2,0,,,10,10,,133,2
28928,2026-07-07T04:01:00Z,dolhobyczow,Dołhobyczów,31,"Угринів – Долгобичув (для порожніх вантажівок ≥ 7,5 тонн)",truck_empty,1,1,0,252720,329,,,,133,1
28941,2026-07-07T04:01:00Z,dolhobyczow,Dołhobyczów,76,Угринів – Долгобичув. Автобуси (за розкладом),bus,2,2,0,,,21,21,,133,2
28927,2026-07-07T04:01:00Z,dolhobyczow,Dołhobyczów,98,"Угринів – Долгобичув (для вантажівок ≥ 3,5 тонн до ≤ 7,5 тонн)",truck_le_7_5t,1,1,0,95160,125,,,,133,1
28933,2026-07-07T04:01:00Z,dorohusk,Dorohusk,1,"Ягодин – Дорогуськ (для вантажівок ≥ 7,5 тонн)",truck_ge_7_5t,1,1,0,231900,796,,,,133,1
28935,2026-07-07T04:01:00Z,dorohusk,Dorohusk,2,"Ягодин – Дорогуськ. Товари 1-24 групи УКТЗЕД (≥ 7,5 тонн)",truck_goods_1_24,1,1,0,0,1,,,,133,1
28934,2026-07-07T04:01:00Z,dorohusk,Dorohusk,29,"Ягодин – Дорогуськ (для порожніх вантажівок ≥ 7,5 тонн)",truck_empty,1,1,1,302400,1029,,,,133,1
28944,2026-07-07T04:01:00Z,dorohusk,Dorohusk,54,Ягодин – Дорогуськ. Автобуси (за розкладом),bus,2,2,0,,,21,21,,133,2
28924,2026-07-07T04:01:00Z,hrebenne,Hrebenne,5,"Рава-Руська – Хребенне (для вантажівок ≥ 7,5 тонн)",truck_ge_7_5t,1,1,1,239220,457,,,,133,1
28925,2026-07-07T04:01:00Z,hrebenne,Hrebenne,19,"Рава-Руська – Хребенне. Товари 1-24 групи УКТЗЕД (≥ 7,5 тонн)",truck_goods_1_24,1,1,1,37740,42,,,,133,1
28939,2026-07-07T04:01:00Z,hrebenne,Hrebenne,78,Рава-Руська – Хребенне. Автобуси (за розкладом),bus,2,2,0,,,8,8,,133,2
28922,2026-07-07T04:01:00Z,korczowa,Korczowa,6,"Краківець – Корчова (для вантажівок ≥ 7,5 тонн)",truck_ge_7_5t,1,1,0,165480,404,,,,133,1
28923,2026-07-07T04:01:00Z,korczowa,Korczowa,20,"Краківець – Корчова. Товари 1-24 групи УКТЗЕД (≥ 7,5 тонн)",truck_goods_1_24,1,1,0,0,6,,,,133,1
28937,2026-07-07T04:01:00Z,korczowa,Korczowa,23,Краківець – Корчова. Автобуси,bus,2,1,0,0,6,,,,133,2
28940,2026-07-07T04:01:00Z,kroscienko,Krościenko,75,Смільниця – Кросьценко. Автобуси (за розкладом),bus,2,2,0,,,25,25,,133,2
28926,2026-07-07T04:01:00Z,kroscienko,Krościenko,84,"Смільниця – Кросьценко (для вантажівок ≤ 7,5 тонн)",truck_le_7_5t,1,1,1,7680,13,,,,133,1
28938,2026-07-07T04:01:00Z,malhowice,Małhowice,102,Нижанковичі – Мальховичі. Автобуси (за розкладом),bus,2,2,0,,,18,18,,133,2
28931,2026-07-07T04:01:00Z,medyka,Medyka,8,"Шегині – Медика (для вантажівок ≥ 7,5 тонн)",truck_ge_7_5t,1,1,0,187680,184,,,,133,1
28943,2026-07-07T04:01:00Z,medyka,Medyka,24,Шегині - Медика. Автобуси,bus,2,1,0,0,3,,,Ускладнений рух у зв'язку з ремонтними роботами на ММПП,133,2
28932,2026-07-07T04:01:00Z,medyka,Medyka,91,"Шегині – Медика (для порожніх вантажівок ≥ 3,5 тонн)",truck_empty,1,1,0,310500,344,,,,133,1
28930,2026-07-07T04:01:00Z,zosin,Zosin,7,"Устилуг – Зосин (для порожніх вантажівок ≥ 7,5 тонн)",truck_empty,1,1,0,254880,362,,,,133,1
28929,2026-07-07T04:01:00Z,zosin,Zosin,80,"Устилуг – Зосин (для вантажівок ≤ 7,5 тонн)",truck_le_7_5t,1,1,0,88200,104,,,,133,1
28942,2026-07-07T04:01:00Z,zosin,Zosin,113,Устилуг - Зосин. Автобуси (за розкладом),bus,2,2,0,,,11,11,,133,2
28945,2026-07-07T04:31:00Z,budomierz,Budomierz,88,"Грушів – Будомєж (для вантажівок ≤ 7,5 тонн)",truck_le_7_5t,1,1,1,1680,7,,,,133,1
28960,2026-07-07T04:31:00Z,budomierz,Budomierz,104,Грушів – Будомєж. Автобуси (за розкладом),bus,2,2,0,,,9,9,,133,2
28952,2026-07-07T04:31:00Z,dolhobyczow,Dołhobyczów,31,"Угринів – Долгобичув (для порожніх вантажівок ≥ 7,5 тонн)",truck_empty,1,1,0,250380,326,,,,133,1
28965,2026-07-07T04:31:00Z,dolhobyczow,Dołhobyczów,76,Угринів – Долгобичув. Автобуси (за розкладом),bus,2,2,0,,,21,21,,133,2
28951,2026-07-07T04:31:00Z,dolhobyczow,Dołhobyczów,98,"Угринів – Долгобичув (для вантажівок ≥ 3,5 тонн до ≤ 7,5 тонн)",truck_le_7_5t,1,1,0,95160,126,,,,133,1
28957,2026-07-07T04:31:00Z,dorohusk,Dorohusk,1,"Ягодин – Дорогуськ (для вантажівок ≥ 7,5 тонн)",truck_ge_7_5t,1,1,0,231600,794,,,,133,1
28959,2026-07-07T04:31:00Z,dorohusk,Dorohusk,2,"Ягодин – Дорогуськ. Товари 1-24 групи УКТЗЕД (≥ 7,5 тонн)",truck_goods_1_24,1,1,0,0,1,,,,133,1
28958,2026-07-07T04:31:00Z,dorohusk,Dorohusk,29,"Ягодин – Дорогуськ (для порожніх вантажівок ≥ 7,5 тонн)",truck_empty,1,1,0,302400,1030,,,,133,1
28968,2026-07-07T04:31:00Z,dorohusk,Dorohusk,54,Ягодин – Дорогуськ. Автобуси (за розкладом),bus,2,2,0,,,21,21,,133,2
28948,2026-07-07T04:31:00Z,hrebenne,Hrebenne,5,"Рава-Руська – Хребенне (для вантажівок ≥ 7,5 тонн)",truck_ge_7_5t,1,1,1,239220,457,,,,133,1
28949,2026-07-07T04:31:00Z,hrebenne,Hrebenne,19,"Рава-Руська – Хребенне. Товари 1-24 групи УКТЗЕД (≥ 7,5 тонн)",truck_goods_1_24,1,1,1,38760,43,,,,133,1
28963,2026-07-07T04:31:00Z,hrebenne,Hrebenne,78,Рава-Руська – Хребенне. Автобуси (за розкладом),bus,2,2,0,,,7,7,,133,2
28946,2026-07-07T04:31:00Z,korczowa,Korczowa,6,"Краківець – Корчова (для вантажівок ≥ 7,5 тонн)",truck_ge_7_5t,1,1,1,162960,399,,,,133,1
28947,2026-07-07T04:31:00Z,korczowa,Korczowa,20,"Краківець – Корчова. Товари 1-24 групи УКТЗЕД (≥ 7,5 тонн)",truck_goods_1_24,1,1,1,0,1,,,,133,1
28961,2026-07-07T04:31:00Z,korczowa,Korczowa,23,Краківець – Корчова. Автобуси,bus,2,1,0,0,6,,,,133,2
28964,2026-07-07T04:31:00Z,kroscienko,Krościenko,75,Смільниця – Кросьценко. Автобуси (за розкладом),bus,2,2,0,,,25,25,,133,2
28950,2026-07-07T04:31:00Z,kroscienko,Krościenko,84,"Смільниця – Кросьценко (для вантажівок ≤ 7,5 тонн)",truck_le_7_5t,1,1,1,8640,14,,,,133,1
28962,2026-07-07T04:31:00Z,malhowice,Małhowice,102,Нижанковичі – Мальховичі. Автобуси (за розкладом),bus,2,2,0,,,18,18,,133,2
28955,2026-07-07T04:31:00Z,medyka,Medyka,8,"Шегині – Медика (для вантажівок ≥ 7,5 тонн)",truck_ge_7_5t,1,1,0,185640,183,,,,133,1
28967,2026-07-07T04:31:00Z,medyka,Medyka,24,Шегині - Медика. Автобуси,bus,2,1,0,0,4,,,Ускладнений рух у зв'язку з ремонтними роботами на ММПП,133,2
28956,2026-07-07T04:31:00Z,medyka,Medyka,91,"Шегині – Медика (для порожніх вантажівок ≥ 3,5 тонн)",truck_empty,1,1,0,306900,341,,,,133,1
28954,2026-07-07T04:31:00Z,zosin,Zosin,7,"Устилуг – Зосин (для порожніх вантажівок ≥ 7,5 тонн)",truck_empty,1,1,0,249120,354,,,,133,1
28953,2026-07-07T04:31:00Z,zosin,Zosin,80,"Устилуг – Зосин (для вантажівок ≤ 7,5 тонн)",truck_le_7_5t,1,1,0,83700,99,,,,133,1
28966,2026-07-07T04:31:00Z,zosin,Zosin,113,Устилуг - Зосин. Автобуси (за розкладом),bus,2,2,0,,,11,11,,133,2
28969,2026-07-07T05:31:00Z,budomierz,Budomierz,88,"Грушів – Будомєж (для вантажівок ≤ 7,5 тонн)",truck_le_7_5t,1,1,1,1680,7,,,,133,1
28984,2026-07-07T05:31:00Z,budomierz,Budomierz,104,Грушів – Будомєж. Автобуси (за розкладом),bus,2,2,0,,,8,8,,133,2
28976,2026-07-07T05:31:00Z,dolhobyczow,Dołhobyczów,31,"Угринів – Долгобичув (для порожніх вантажівок ≥ 7,5 тонн)",truck_empty,1,1,0,251160,326,,,,133,1
28989,2026-07-07T05:31:00Z,dolhobyczow,Dołhobyczów,76,Угринів – Долгобичув. Автобуси (за розкладом),bus,2,2,0,,,19,19,,133,2
28975,2026-07-07T05:31:00Z,dolhobyczow,Dołhobyczów,98,"Угринів – Долгобичув (для вантажівок ≥ 3,5 тонн до ≤ 7,5 тонн)",truck_le_7_5t,1,1,0,92040,122,,,,133,1
28981,2026-07-07T05:31:00Z,dorohusk,Dorohusk,1,"Ягодин – Дорогуськ (для вантажівок ≥ 7,5 тонн)",truck_ge_7_5t,1,1,1,228000,783,,,,133,1
28983,2026-07-07T05:31:00Z,dorohusk,Dorohusk,2,"Ягодин – Дорогуськ. Товари 1-24 групи УКТЗЕД (≥ 7,5 тонн)",truck_goods_1_24,1,1,0,0,6,,,,133,1
28982,2026-07-07T05:31:00Z,dorohusk,Dorohusk,29,"Ягодин – Дорогуськ (для порожніх вантажівок ≥ 7,5 тонн)",truck_empty,1,1,1,298500,1019,,,,133,1
28992,2026-07-07T05:31:00Z,dorohusk,Dorohusk,54,Ягодин – Дорогуськ. Автобуси (за розкладом),bus,2,2,1,,,21,21,,133,2
28972,2026-07-07T05:31:00Z,hrebenne,Hrebenne,5,"Рава-Руська – Хребенне (для вантажівок ≥ 7,5 тонн)",truck_ge_7_5t,1,1,1,239220,458,,,,133,1
28973,2026-07-07T05:31:00Z,hrebenne,Hrebenne,19,"Рава-Руська – Хребенне. Товари 1-24 групи УКТЗЕД (≥ 7,5 тонн)",truck_goods_1_24,1,1,1,36720,42,,,,133,1
28987,2026-07-07T05:31:00Z,hrebenne,Hrebenne,78,Рава-Руська – Хребенне. Автобуси (за розкладом),bus,2,2,0,,,7,7,,133,2
28970,2026-07-07T05:31:00Z,korczowa,Korczowa,6,"Краківець – Корчова (для вантажівок ≥ 7,5 тонн)",truck_ge_7_5t,1,1,0,164220,401,,,,133,1
28971,2026-07-07T05:31:00Z,korczowa,Korczowa,20,"Краківець – Корчова. Товари 1-24 групи УКТЗЕД (≥ 7,5 тонн)",truck_goods_1_24,1,1,0,0,2,,,,133,1
28985,2026-07-07T05:31:00Z,korczowa,Korczowa,23,Краківець – Корчова. Автобуси,bus,2,1,0,0,5,,,,133,2
28988,2026-07-07T05:31:00Z,kroscienko,Krościenko,75,Смільниця – Кросьценко. Автобуси (за розкладом),bus,2,2,0,,,24,24,,133,2
28974,2026-07-07T05:31:00Z,kroscienko,Krościenko,84,"Смільниця – Кросьценко (для вантажівок ≤ 7,5 тонн)",truck_le_7_5t,1,1,0,7680,12,,,,133,1
28986,2026-07-07T05:31:00Z,malhowice,Małhowice,102,Нижанковичі – Мальховичі. Автобуси (за розкладом),bus,2,2,0,,,17,17,,133,2
28979,2026-07-07T05:31:00Z,medyka,Medyka,8,"Шегині – Медика (для вантажівок ≥ 7,5 тонн)",truck_ge_7_5t,1,1,1,183600,181,,,,133,1
28991,2026-07-07T05:31:00Z,medyka,Medyka,24,Шегині - Медика. Автобуси,bus,2,1,0,0,4,,,Ускладнений рух у зв'язку з ремонтними роботами на ММПП,133,2
28980,2026-07-07T05:31:00Z,medyka,Medyka,91,"Шегині – Медика (для порожніх вантажівок ≥ 3,5 тонн)",truck_empty,1,1,0,304200,336,,,,133,1
28978,2026-07-07T05:31:00Z,zosin,Zosin,7,"Устилуг – Зосин (для порожніх вантажівок ≥ 7,5 тонн)",truck_empty,1,1,0,245520,349,,,,133,1
28977,2026-07-07T05:31:00Z,zosin,Zosin,80,"Устилуг – Зосин (для вантажівок ≤ 7,5 тонн)",truck_le_7_5t,1,1,1,85500,101,,,,133,1
28990,2026-07-07T05:31:00Z,zosin,Zosin,113,Устилуг - Зосин. Автобуси (за розкладом),bus,2,2,0,,,9,9,,133,2
28993,2026-07-07T05:38:00Z,budomierz,Budomierz,88,"Грушів – Будомєж (для вантажівок ≤ 7,5 тонн)",truck_le_7_5t,1,1,1,2520,8,,,,133,1
29008,2026-07-07T05:38:00Z,budomierz,Budomierz,104,Грушів – Будомєж. Автобуси (за розкладом),bus,2,2,0,,,8,8,,133,2
29000,2026-07-07T05:38:00Z,dolhobyczow,Dołhobyczów,31,"Угринів – Долгобичув (для порожніх вантажівок ≥ 7,5 тонн)",truck_empty,1,1,0,249600,323,,,,133,1
29013,2026-07-07T05:38:00Z,dolhobyczow,Dołhobyczów,76,Угринів – Долгобичув. Автобуси (за розкладом),bus,2,2,0,,,19,19,,133,2
28999,2026-07-07T05:38:00Z,dolhobyczow,Dołhobyczów,98,"Угринів – Долгобичув (для вантажівок ≥ 3,5 тонн до ≤ 7,5 тонн)",truck_le_7_5t,1,1,0,91260,121,,,,133,1
29005,2026-07-07T05:38:00Z,dorohusk,Dorohusk,1,"Ягодин – Дорогуськ (для вантажівок ≥ 7,5 тонн)",truck_ge_7_5t,1,1,1,228300,784,,,,133,1
29007,2026-07-07T05:38:00Z,dorohusk,Dorohusk,2,"Ягодин – Дорогуськ. Товари 1-24 групи УКТЗЕД (≥ 7,5 тонн)",truck_goods_1_24,1,1,0,0,8,,,,133,1
29006,2026-07-07T05:38:00Z,dorohusk,Dorohusk,29,"Ягодин – Дорогуськ (для порожніх вантажівок ≥ 7,5 тонн)",truck_empty,1,1,1,298500,1019,,,,133,1
29016,2026-07-07T05:38:00Z,dorohusk,Dorohusk,54,Ягодин – Дорогуськ. Автобуси (за розкладом),bus,2,2,1,,,21,21,,133,2
28996,2026-07-07T05:38:00Z,hrebenne,Hrebenne,5,"Рава-Руська – Хребенне (для вантажівок ≥ 7,5 тонн)",truck_ge_7_5t,1,1,1,239760,459,,,,133,1
28997,2026-07-07T05:38:00Z,hrebenne,Hrebenne,19,"Рава-Руська – Хребенне. Товари 1-24 групи УКТЗЕД (≥ 7,5 тонн)",truck_goods_1_24,1,1,1,36720,42,,,,133,1
29011,2026-07-07T05:38:00Z,hrebenne,Hrebenne,78,Рава-Руська – Хребенне. Автобуси (за розкладом),bus,2,2,0,,,7,7,,133,2
28994,2026-07-07T05:38:00Z,korczowa,Korczowa,6,"Краківець – Корчова (для вантажівок ≥ 7,5 тонн)",truck_ge_7_5t,1,1,0,161280,397,,,,133,1
28995,2026-07-07T05:38:00Z,korczowa,Korczowa,20,"Краківець – Корчова. Товари 1-24 групи УКТЗЕД (≥ 7,5 тонн)",truck_goods_1_24,1,1,0,0,5,,,,133,1
29009,2026-07-07T05:38:00Z,korczowa,Korczowa,23,Краківець – Корчова. Автобуси,bus,2,1,0,0,5,,,,133,2
29012,2026-07-07T05:38:00Z,kroscienko,Krościenko,75,Смільниця – Кросьценко. Автобуси (за розкладом),bus,2,2,0,,,24,24,,133,2
28998,2026-07-07T05:38:00Z,kroscienko,Krościenko,84,"Смільниця – Кросьценко (для вантажівок ≤ 7,5 тонн)",truck_le_7_5t,1,1,0,5760,11,,,,133,1
29010,2026-07-07T05:38:00Z,malhowice,Małhowice,102,Нижанковичі – Мальховичі. Автобуси (за розкладом),bus,2,2,0,,,17,17,,133,2
29003,2026-07-07T05:38:00Z,medyka,Medyka,8,"Шегині – Медика (для вантажівок ≥ 7,5 тонн)",truck_ge_7_5t,1,1,0,183600,179,,,,133,1
29015,2026-07-07T05:38:00Z,medyka,Medyka,24,Шегині - Медика. Автобуси,bus,2,1,0,0,4,,,Ускладнений рух у зв'язку з ремонтними роботами на ММПП,133,2
29004,2026-07-07T05:38:00Z,medyka,Medyka,91,"Шегині – Медика (для порожніх вантажівок ≥ 3,5 тонн)",truck_empty,1,1,0,306000,336,,,,133,1
29002,2026-07-07T05:38:00Z,zosin,Zosin,7,"Устилуг – Зосин (для порожніх вантажівок ≥ 7,5 тонн)",truck_empty,1,1,0,245520,349,,,,133,1
29001,2026-07-07T05:38:00Z,zosin,Zosin,80,"Устилуг – Зосин (для вантажівок ≤ 7,5 тонн)",truck_le_7_5t,1,1,1,85500,101,,,,133,1
29014,2026-07-07T05:38:00Z,zosin,Zosin,113,Устилуг - Зосин. Автобуси (за розкладом),bus,2,2,0,,,9,9,,133,2
29017,2026-07-07T06:01:00Z,budomierz,Budomierz,88,"Грушів – Будомєж (для вантажівок ≤ 7,5 тонн)",truck_le_7_5t,1,1,1,2520,8,,,,133,1
29032,2026-07-07T06:01:00Z,budomierz,Budomierz,104,Грушів – Будомєж. Автобуси (за розкладом),bus,2,2,0,,,6,6,,133,2
29024,2026-07-07T06:01:00Z,dolhobyczow,Dołhobyczów,31,"Угринів – Долгобичув (для порожніх вантажівок ≥ 7,5 тонн)",truck_empty,1,1,0,248820,323,,,,133,1
29037,2026-07-07T06:01:00Z,dolhobyczow,Dołhobyczów,76,Угринів – Долгобичув. Автобуси (за розкладом),bus,2,2,0,,,17,17,,133,2
29023,2026-07-07T06:01:00Z,dolhobyczow,Dołhobyczów,98,"Угринів – Долгобичув (для вантажівок ≥ 3,5 тонн до ≤ 7,5 тонн)",truck_le_7_5t,1,1,0,92040,122,,,,133,1
29029,2026-07-07T06:01:00Z,dorohusk,Dorohusk,1,"Ягодин – Дорогуськ (для вантажівок ≥ 7,5 тонн)",truck_ge_7_5t,1,1,1,229500,788,,,,133,1
29031,2026-07-07T06:01:00Z,dorohusk,Dorohusk,2,"Ягодин – Дорогуськ. Товари 1-24 групи УКТЗЕД (≥ 7,5 тонн)",truck_goods_1_24,1,1,0,1560,12,,,,133,1
29030,2026-07-07T06:01:00Z,dorohusk,Dorohusk,29,"Ягодин – Дорогуськ (для порожніх вантажівок ≥ 7,5 тонн)",truck_empty,1,1,1,300000,1023,,,,133,1
29040,2026-07-07T06:01:00Z,dorohusk,Dorohusk,54,Ягодин – Дорогуськ. Автобуси (за розкладом),bus,2,2,1,,,21,21,,133,2
29020,2026-07-07T06:01:00Z,hrebenne,Hrebenne,5,"Рава-Руська – Хребенне (для вантажівок ≥ 7,5 тонн)",truck_ge_7_5t,1,1,1,239760,459,,,,133,1
29021,2026-07-07T06:01:00Z,hrebenne,Hrebenne,19,"Рава-Руська – Хребенне. Товари 1-24 групи УКТЗЕД (≥ 7,5 тонн)",truck_goods_1_24,1,1,1,36720,42,,,,133,1
29035,2026-07-07T06:01:00Z,hrebenne,Hrebenne,78,Рава-Руська – Хребенне. Автобуси (за розкладом),bus,2,2,0,,,6,6,,133,2
29018,2026-07-07T06:01:00Z,korczowa,Korczowa,6,"Краківець – Корчова (для вантажівок ≥ 7,5 тонн)",truck_ge_7_5t,1,1,1,162960,397,,,,133,1
29019,2026-07-07T06:01:00Z,korczowa,Korczowa,20,"Краківець – Корчова. Товари 1-24 групи УКТЗЕД (≥ 7,5 тонн)",truck_goods_1_24,1,1,0,0,3,,,,133,1
29033,2026-07-07T06:01:00Z,korczowa,Korczowa,23,Краківець – Корчова. Автобуси,bus,2,1,0,0,6,,,,133,2
29036,2026-07-07T06:01:00Z,kroscienko,Krościenko,75,Смільниця – Кросьценко. Автобуси (за розкладом),bus,2,2,0,,,21,21,,133,2
29022,2026-07-07T06:01:00Z,kroscienko,Krościenko,84,"Смільниця – Кросьценко (для вантажівок ≤ 7,5 тонн)",truck_le_7_5t,1,1,1,5760,11,,,,133,1
29034,2026-07-07T06:01:00Z,malhowice,Małhowice,102,Нижанковичі – Мальховичі. Автобуси (за розкладом),bus,2,2,0,,,15,15,,133,2
29027,2026-07-07T06:01:00Z,medyka,Medyka,8,"Шегині – Медика (для вантажівок ≥ 7,5 тонн)",truck_ge_7_5t,1,1,0,181560,179,,,,133,1
29039,2026-07-07T06:01:00Z,medyka,Medyka,24,Шегині - Медика. Автобуси,bus,2,1,0,0,4,,,Ускладнений рух у зв'язку з ремонтними роботами на ММПП,133,2
29028,2026-07-07T06:01:00Z,medyka,Medyka,91,"Шегині – Медика (для порожніх вантажівок ≥ 3,5 тонн)",truck_empty,1,1,0,305100,337,,,,133,1
29026,2026-07-07T06:01:00Z,zosin,Zosin,7,"Устилуг – Зосин (для порожніх вантажівок ≥ 7,5 тонн)",truck_empty,1,1,0,245520,349,,,,133,1
29025,2026-07-07T06:01:00Z,zosin,Zosin,80,"Устилуг – Зосин (для вантажівок ≤ 7,5 тонн)",truck_le_7_5t,1,1,1,86400,102,,,,133,1
29038,2026-07-07T06:01:00Z,zosin,Zosin,113,Устилуг - Зосин. Автобуси (за розкладом),bus,2,2,0,,,8,8,,133,2
29041,2026-07-07T06:31:00Z,budomierz,Budomierz,88,"Грушів – Будомєж (для вантажівок ≤ 7,5 тонн)",truck_le_7_5t,1,1,1,2520,8,,,,133,1
29056,2026-07-07T06:31:00Z,budomierz,Budomierz,104,Грушів – Будомєж. Автобуси (за розкладом),bus,2,2,0,,,7,7,,133,2
29048,2026-07-07T06:31:00Z,dolhobyczow,Dołhobyczów,31,"Угринів – Долгобичув (для порожніх вантажівок ≥ 7,5 тонн)",truck_empty,1,1,0,249600,324,,,,133,1
29061,2026-07-07T06:31:00Z,dolhobyczow,Dołhobyczów,76,Угринів – Долгобичув. Автобуси (за розкладом),bus,2,2,0,,,17,17,,133,2
29047,2026-07-07T06:31:00Z,dolhobyczow,Dołhobyczów,98,"Угринів – Долгобичув (для вантажівок ≥ 3,5 тонн до ≤ 7,5 тонн)",truck_le_7_5t,1,1,0,92820,123,,,,133,1
29053,2026-07-07T06:31:00Z,dorohusk,Dorohusk,1,"Ягодин – Дорогуськ (для вантажівок ≥ 7,5 тонн)",truck_ge_7_5t,1,1,1,230100,790,,,,133,1
29055,2026-07-07T06:31:00Z,dorohusk,Dorohusk,2,"Ягодин – Дорогуськ. Товари 1-24 групи УКТЗЕД (≥ 7,5 тонн)",truck_goods_1_24,1,1,0,6240,18,,,,133,1
29054,2026-07-07T06:31:00Z,dorohusk,Dorohusk,29,"Ягодин – Дорогуськ (для порожніх вантажівок ≥ 7,5 тонн)",truck_empty,1,1,1,301800,1029,,,,133,1
29064,2026-07-07T06:31:00Z,dorohusk,Dorohusk,54,Ягодин – Дорогуськ. Автобуси (за розкладом),bus,2,2,0,,,20,20,,133,2
29044,2026-07-07T06:31:00Z,hrebenne,Hrebenne,5,"Рава-Руська – Хребенне (для вантажівок ≥ 7,5 тонн)",truck_ge_7_5t,1,1,1,234900,450,,,,133,1
29045,2026-07-07T06:31:00Z,hrebenne,Hrebenne,19,"Рава-Руська – Хребенне. Товари 1-24 групи УКТЗЕД (≥ 7,5 тонн)",truck_goods_1_24,1,1,1,30600,36,,,,133,1
29059,2026-07-07T06:31:00Z,hrebenne,Hrebenne,78,Рава-Руська – Хребенне. Автобуси (за розкладом),bus,2,2,0,,,6,6,,133,2
29042,2026-07-07T06:31:00Z,korczowa,Korczowa,6,"Краківець – Корчова (для вантажівок ≥ 7,5 тонн)",truck_ge_7_5t,1,1,0,163380,397,,,,133,1
29043,2026-07-07T06:31:00Z,korczowa,Korczowa,20,"Краківець – Корчова. Товари 1-24 групи УКТЗЕД (≥ 7,5 тонн)",truck_goods_1_24,1,1,0,0,5,,,,133,1
29057,2026-07-07T06:31:00Z,korczowa,Korczowa,23,Краківець – Корчова. Автобуси,bus,2,1,0,0,8,,,,133,2
29060,2026-07-07T06:31:00Z,kroscienko,Krościenko,75,Смільниця – Кросьценко. Автобуси (за розкладом),bus,2,2,0,,,21,21,,133,2
29046,2026-07-07T06:31:00Z,kroscienko,Krościenko,84,"Смільниця – Кросьценко (для вантажівок ≤ 7,5 тонн)",truck_le_7_5t,1,1,0,960,6,,,,133,1
29058,2026-07-07T06:31:00Z,malhowice,Małhowice,102,Нижанковичі – Мальховичі. Автобуси (за розкладом),bus,2,2,0,,,15,15,,133,2
29051,2026-07-07T06:31:00Z,medyka,Medyka,8,"Шегині – Медика (для вантажівок ≥ 7,5 тонн)",truck_ge_7_5t,1,1,0,178500,176,,,,133,1
29063,2026-07-07T06:31:00Z,medyka,Medyka,24,Шегині - Медика. Автобуси,bus,2,1,0,0,4,,,Ускладнений рух у зв'язку з ремонтними роботами на ММПП,133,2
29052,2026-07-07T06:31:00Z,medyka,Medyka,91,"Шегині – Медика (для порожніх вантажівок ≥ 3,5 тонн)",truck_empty,1,1,0,305100,337,,,,133,1
29050,2026-07-07T06:31:00Z,zosin,Zosin,7,"Устилуг – Зосин (для порожніх вантажівок ≥ 7,5 тонн)",truck_empty,1,1,0,246240,350,,,,133,1
29049,2026-07-07T06:31:00Z,zosin,Zosin,80,"Устилуг – Зосин (для вантажівок ≤ 7,5 тонн)",truck_le_7_5t,1,1,1,87300,103,,,,133,1
29062,2026-07-07T06:31:00Z,zosin,Zosin,113,Устилуг - Зосин. Автобуси (за розкладом),bus,2,2,0,,,7,7,,133,2
29065,2026-07-07T07:01:00Z,budomierz,Budomierz,88,"Грушів – Будомєж (для вантажівок ≤ 7,5 тонн)",truck_le_7_5t,1,1,1,0,1,,,,133,1
29080,2026-07-07T07:01:00Z,budomierz,Budomierz,104,Грушів – Будомєж. Автобуси (за розкладом),bus,2,2,0,,,6,6,,133,2
29072,2026-07-07T07:01:00Z,dolhobyczow,Dołhobyczów,31,"Угринів – Долгобичув (для порожніх вантажівок ≥ 7,5 тонн)",truck_empty,1,1,0,251160,326,,,,133,1
29085,2026-07-07T07:01:00Z,dolhobyczow,Dołhobyczów,76,Угринів – Долгобичув. Автобуси (за розкладом),bus,2,2,0,,,16,16,,133,2
29071,2026-07-07T07:01:00Z,dolhobyczow,Dołhobyczów,98,"Угринів – Долгобичув (для вантажівок ≥ 3,5 тонн до ≤ 7,5 тонн)",truck_le_7_5t,1,1,0,92040,122,,,,133,1
29077,2026-07-07T07:01:00Z,dorohusk,Dorohusk,1,"Ягодин – Дорогуськ (для вантажівок ≥ 7,5 тонн)",truck_ge_7_5t,1,1,0,230100,790,,,,133,1
29079,2026-07-07T07:01:00Z,dorohusk,Dorohusk,2,"Ягодин – Дорогуськ. Товари 1-24 групи УКТЗЕД (≥ 7,5 тонн)",truck_goods_1_24,1,1,0,10920,24,,,,133,1
29078,2026-07-07T07:01:00Z,dorohusk,Dorohusk,29,"Ягодин – Дорогуськ (для порожніх вантажівок ≥ 7,5 тонн)",truck_empty,1,1,0,297600,1013,,,,133,1
29088,2026-07-07T07:01:00Z,dorohusk,Dorohusk,54,Ягодин – Дорогуськ. Автобуси (за розкладом),bus,2,2,0,,,18,18,,133,2
29068,2026-07-07T07:01:00Z,hrebenne,Hrebenne,5,"Рава-Руська – Хребенне (для вантажівок ≥ 7,5 тонн)",truck_ge_7_5t,1,1,1,236520,453,,,,133,1
29069,2026-07-07T07:01:00Z,hrebenne,Hrebenne,19,"Рава-Руська – Хребенне. Товари 1-24 групи УКТЗЕД (≥ 7,5 тонн)",truck_goods_1_24,1,1,1,31620,37,,,,133,1
29083,2026-07-07T07:01:00Z,hrebenne,Hrebenne,78,Рава-Руська – Хребенне. Автобуси (за розкладом),bus,2,2,0,,,5,5,,133,2
29066,2026-07-07T07:01:00Z,korczowa,Korczowa,6,"Краківець – Корчова (для вантажівок ≥ 7,5 тонн)",truck_ge_7_5t,1,1,0,157500,386,,,,133,1
29067,2026-07-07T07:01:00Z,korczowa,Korczowa,20,"Краківець – Корчова. Товари 1-24 групи УКТЗЕД (≥ 7,5 тонн)",truck_goods_1_24,1,1,0,0,4,,,,133,1
29081,2026-07-07T07:01:00Z,korczowa,Korczowa,23,Краківець – Корчова. Автобуси,bus,2,1,0,0,8,,,,133,2
29084,2026-07-07T07:01:00Z,kroscienko,Krościenko,75,Смільниця – Кросьценко. Автобуси (за розкладом),bus,2,2,0,,,19,19,,133,2
29070,2026-07-07T07:01:00Z,kroscienko,Krościenko,84,"Смільниця – Кросьценко (для вантажівок ≤ 7,5 тонн)",truck_le_7_5t,1,1,0,0,4,,,,133,1
29082,2026-07-07T07:01:00Z,malhowice,Małhowice,102,Нижанковичі – Мальховичі. Автобуси (за розкладом),bus,2,2,0,,,15,15,,133,2
29075,2026-07-07T07:01:00Z,medyka,Medyka,8,"Шегині – Медика (для вантажівок ≥ 7,5 тонн)",truck_ge_7_5t,1,1,0,176460,175,,,,133,1
29087,2026-07-07T07:01:00Z,medyka,Medyka,24,Шегині - Медика. Автобуси,bus,2,1,0,0,2,,,Ускладнений рух у зв'язку з ремонтними роботами на ММПП,133,2
29076,2026-07-07T07:01:00Z,medyka,Medyka,91,"Шегині – Медика (для порожніх вантажівок ≥ 3,5 тонн)",truck_empty,1,1,0,304200,337,,,,133,1
29074,2026-07-07T07:01:00Z,zosin,Zosin,7,"Устилуг – Зосин (для порожніх вантажівок ≥ 7,5 тонн)",truck_empty,1,1,0,245520,347,,,,133,1
29073,2026-07-07T07:01:00Z,zosin,Zosin,80,"Устилуг – Зосин (для вантажівок ≤ 7,5 тонн)",truck_le_7_5t,1,1,0,82800,98,,,,133,1
29086,2026-07-07T07:01:00Z,zosin,Zosin,113,Устилуг - Зосин. Автобуси (за розкладом),bus,2,2,0,,,7,7,,133,2
29089,2026-07-07T07:31:00Z,budomierz,Budomierz,88,"Грушів – Будомєж (для вантажівок ≤ 7,5 тонн)",truck_le_7_5t,1,1,1,0,1,,,,133,1
29104,2026-07-07T07:31:00Z,budomierz,Budomierz,104,Грушів – Будомєж. Автобуси (за розкладом),bus,2,2,0,,,6,6,,133,2
29096,2026-07-07T07:31:00Z,dolhobyczow,Dołhobyczów,31,"Угринів – Долгобичув (для порожніх вантажівок ≥ 7,5 тонн)",truck_empty,1,1,0,247260,321,,,,133,1
29109,2026-07-07T07:31:00Z,dolhobyczow,Dołhobyczów,76,Угринів – Долгобичув. Автобуси (за розкладом),bus,2,2,0,,,15,15,,133,2
29095,2026-07-07T07:31:00Z,dolhobyczow,Dołhobyczów,98,"Угринів – Долгобичув (для вантажівок ≥ 3,5 тонн до ≤ 7,5 тонн)",truck_le_7_5t,1,1,0,89700,120,,,,133,1
29101,2026-07-07T07:31:00Z,dorohusk,Dorohusk,1,"Ягодин – Дорогуськ (для вантажівок ≥ 7,5 тонн)",truck_ge_7_5t,1,1,0,228300,784,,,,133,1
29103,2026-07-07T07:31:00Z,dorohusk,Dorohusk,2,"Ягодин – Дорогуськ. Товари 1-24 групи УКТЗЕД (≥ 7,5 тонн)",truck_goods_1_24,1,1,0,12480,26,,,,133,1
29102,2026-07-07T07:31:00Z,dorohusk,Dorohusk,29,"Ягодин – Дорогуськ (для порожніх вантажівок ≥ 7,5 тонн)",truck_empty,1,1,0,303900,1036,,,,133,1
29112,2026-07-07T07:31:00Z,dorohusk,Dorohusk,54,Ягодин – Дорогуськ. Автобуси (за розкладом),bus,2,2,0,,,16,16,,133,2
29092,2026-07-07T07:31:00Z,hrebenne,Hrebenne,5,"Рава-Руська – Хребенне (для вантажівок ≥ 7,5 тонн)",truck_ge_7_5t,1,1,0,234900,450,,,,133,1
29093,2026-07-07T07:31:00Z,hrebenne,Hrebenne,19,"Рава-Руська – Хребенне. Товари 1-24 групи УКТЗЕД (≥ 7,5 тонн)",truck_goods_1_24,1,1,0,30600,36,,,,133,1
29107,2026-07-07T07:31:00Z,hrebenne,Hrebenne,78,Рава-Руська – Хребенне. Автобуси (за розкладом),bus,2,2,0,,,5,5,,133,2
29090,2026-07-07T07:31:00Z,korczowa,Korczowa,6,"Краківець – Корчова (для вантажівок ≥ 7,5 тонн)",truck_ge_7_5t,1,1,0,157920,389,,,,133,1
29091,2026-07-07T07:31:00Z,korczowa,Korczowa,20,"Краківець – Корчова. Товари 1-24 групи УКТЗЕД (≥ 7,5 тонн)",truck_goods_1_24,1,1,0,0,4,,,,133,1
29105,2026-07-07T07:31:00Z,korczowa,Korczowa,23,Краківець – Корчова. Автобуси,bus,2,1,0,0,9,,,,133,2
29108,2026-07-07T07:31:00Z,kroscienko,Krościenko,75,Смільниця – Кросьценко. Автобуси (за розкладом),bus,2,2,0,,,20,20,,133,2
29094,2026-07-07T07:31:00Z,kroscienko,Krościenko,84,"Смільниця – Кросьценко (для вантажівок ≤ 7,5 тонн)",truck_le_7_5t,1,1,0,0,4,,,,133,1
29106,2026-07-07T07:31:00Z,malhowice,Małhowice,102,Нижанковичі – Мальховичі. Автобуси (за розкладом),bus,2,2,0,,,13,13,,133,2
29099,2026-07-07T07:31:00Z,medyka,Medyka,8,"Шегині – Медика (для вантажівок ≥ 7,5 тонн)",truck_ge_7_5t,1,1,0,175440,174,,,,133,1
29111,2026-07-07T07:31:00Z,medyka,Medyka,24,Шегині - Медика. Автобуси,bus,2,1,0,0,3,,,Ускладнений рух у зв'язку з ремонтними роботами на ММПП,133,2
29100,2026-07-07T07:31:00Z,medyka,Medyka,91,"Шегині – Медика (для порожніх вантажівок ≥ 3,5 тонн)",truck_empty,1,1,0,300600,333,,,,133,1
29098,2026-07-07T07:31:00Z,zosin,Zosin,7,"Устилуг – Зосин (для порожніх вантажівок ≥ 7,5 тонн)",truck_empty,1,1,1,246240,350,,,,133,1
29097,2026-07-07T07:31:00Z,zosin,Zosin,80,"Устилуг – Зосин (для вантажівок ≤ 7,5 тонн)",truck_le_7_5t,1,1,0,84600,100,,,,133,1
29110,2026-07-07T07:31:00Z,zosin,Zosin,113,Устилуг - Зосин. Автобуси (за розкладом),bus,2,2,0,,,5,5,,133,2
29113,2026-07-07T08:31:00Z,budomierz,Budomierz,88,"Грушів – Будомєж (для вантажівок ≤ 7,5 тонн)",truck_le_7_5t,1,1,1,2520,4,,,,133,1
29128,2026-07-07T08:31:00Z,budomierz,Budomierz,104,Грушів – Будомєж. Автобуси (за розкладом),bus,2,2,0,,,6,6,,133,2
29120,2026-07-07T08:31:00Z,dolhobyczow,Dołhobyczów,31,"Угринів – Долгобичув (для порожніх вантажівок ≥ 7,5 тонн)",truck_empty,1,1,0,244920,318,,,,133,1
29133,2026-07-07T08:31:00Z,dolhobyczow,Dołhobyczów,76,Угринів – Долгобичув. Автобуси (за розкладом),bus,2,2,0,,,12,12,,133,2
29119,2026-07-07T08:31:00Z,dolhobyczow,Dołhobyczów,98,"Угринів – Долгобичув (для вантажівок ≥ 3,5 тонн до ≤ 7,5 тонн)",truck_le_7_5t,1,1,0,86580,116,,,,133,1
29125,2026-07-07T08:31:00Z,dorohusk,Dorohusk,1,"Ягодин – Дорогуськ (для вантажівок ≥ 7,5 тонн)",truck_ge_7_5t,1,1,1,226200,778,,,,133,1
29127,2026-07-07T08:31:00Z,dorohusk,Dorohusk,2,"Ягодин – Дорогуськ. Товари 1-24 групи УКТЗЕД (≥ 7,5 тонн)",truck_goods_1_24,1,1,0,13260,27,,,,133,1
29126,2026-07-07T08:31:00Z,dorohusk,Dorohusk,29,"Ягодин – Дорогуськ (для порожніх вантажівок ≥ 7,5 тонн)",truck_empty,1,1,0,304200,1037,,,,133,1
29136,2026-07-07T08:31:00Z,dorohusk,Dorohusk,54,Ягодин – Дорогуськ. Автобуси (за розкладом),bus,2,2,0,,,14,14,,133,2
29116,2026-07-07T08:31:00Z,hrebenne,Hrebenne,5,"Рава-Руська – Хребенне (для вантажівок ≥ 7,5 тонн)",truck_ge_7_5t,1,1,1,232740,445,,,,133,1
29117,2026-07-07T08:31:00Z,hrebenne,Hrebenne,19,"Рава-Руська – Хребенне. Товари 1-24 групи УКТЗЕД (≥ 7,5 тонн)",truck_goods_1_24,1,1,1,30600,36,,,,133,1
29131,2026-07-07T08:31:00Z,hrebenne,Hrebenne,78,Рава-Руська – Хребенне. Автобуси (за розкладом),bus,2,2,0,,,6,6,,133,2
29114,2026-07-07T08:31:00Z,korczowa,Korczowa,6,"Краківець – Корчова (для вантажівок ≥ 7,5 тонн)",truck_ge_7_5t,1,1,0,157500,388,,,,133,1
29115,2026-07-07T08:31:00Z,korczowa,Korczowa,20,"Краківець – Корчова. Товари 1-24 групи УКТЗЕД (≥ 7,5 тонн)",truck_goods_1_24,1,1,0,0,3,,,,133,1
29129,2026-07-07T08:31:00Z,korczowa,Korczowa,23,Краківець – Корчова. Автобуси,bus,2,1,0,0,15,,,,133,2
29132,2026-07-07T08:31:00Z,kroscienko,Krościenko,75,Смільниця – Кросьценко. Автобуси (за розкладом),bus,2,2,0,,,18,18,,133,2
29118,2026-07-07T08:31:00Z,kroscienko,Krościenko,84,"Смільниця – Кросьценко (для вантажівок ≤ 7,5 тонн)",truck_le_7_5t,1,1,0,0,1,,,,133,1
29130,2026-07-07T08:31:00Z,malhowice,Małhowice,102,Нижанковичі – Мальховичі. Автобуси (за розкладом),bus,2,2,0,,,11,11,,133,2
29123,2026-07-07T08:31:00Z,medyka,Medyka,8,"Шегині – Медика (для вантажівок ≥ 7,5 тонн)",truck_ge_7_5t,1,1,0,174420,173,,,,133,1
29135,2026-07-07T08:31:00Z,medyka,Medyka,24,Шегині - Медика. Автобуси,bus,2,1,0,0,3,,,Ускладнений рух у зв'язку з ремонтними роботами на ММПП,133,2
29124,2026-07-07T08:31:00Z,medyka,Medyka,91,"Шегині – Медика (для порожніх вантажівок ≥ 3,5 тонн)",truck_empty,1,1,0,295200,327,,,,133,1
29122,2026-07-07T08:31:00Z,zosin,Zosin,7,"Устилуг – Зосин (для порожніх вантажівок ≥ 7,5 тонн)",truck_empty,1,1,0,247680,351,,,,133,1
29121,2026-07-07T08:31:00Z,zosin,Zosin,80,"Устилуг – Зосин (для вантажівок ≤ 7,5 тонн)",truck_le_7_5t,1,1,0,83700,98,,,,133,1
29134,2026-07-07T08:31:00Z,zosin,Zosin,113,Устилуг - Зосин. Автобуси (за розкладом),bus,2,2,0,,,4,4,,133,2
29137,2026-07-07T09:01:00Z,budomierz,Budomierz,88,"Грушів – Будомєж (для вантажівок ≤ 7,5 тонн)",truck_le_7_5t,1,1,1,2520,4,,,,133,1
29152,2026-07-07T09:01:00Z,budomierz,Budomierz,104,Грушів – Будомєж. Автобуси (за розкладом),bus,2,2,0,,,5,5,,133,2
29144,2026-07-07T09:01:00Z,dolhobyczow,Dołhobyczów,31,"Угринів – Долгобичув (для порожніх вантажівок ≥ 7,5 тонн)",truck_empty,1,1,0,242580,315,,,,133,1
29157,2026-07-07T09:01:00Z,dolhobyczow,Dołhobyczów,76,Угринів – Долгобичув. Автобуси (за розкладом),bus,2,2,0,,,11,11,,133,2
29143,2026-07-07T09:01:00Z,dolhobyczow,Dołhobyczów,98,"Угринів – Долгобичув (для вантажівок ≥ 3,5 тонн до ≤ 7,5 тонн)",truck_le_7_5t,1,1,0,88140,118,,,,133,1
29149,2026-07-07T09:01:00Z,dorohusk,Dorohusk,1,"Ягодин – Дорогуськ (для вантажівок ≥ 7,5 тонн)",truck_ge_7_5t,1,1,0,226800,781,,,,133,1
29151,2026-07-07T09:01:00Z,dorohusk,Dorohusk,2,"Ягодин – Дорогуськ. Товари 1-24 групи УКТЗЕД (≥ 7,5 тонн)",truck_goods_1_24,1,1,1,10920,24,,,,133,1
29150,2026-07-07T09:01:00Z,dorohusk,Dorohusk,29,"Ягодин – Дорогуськ (для порожніх вантажівок ≥ 7,5 тонн)",truck_empty,1,1,0,302400,1030,,,,133,1
29160,2026-07-07T09:01:00Z,dorohusk,Dorohusk,54,Ягодин – Дорогуськ. Автобуси (за розкладом),bus,2,2,0,,,12,12,,133,2
29140,2026-07-07T09:01:00Z,hrebenne,Hrebenne,5,"Рава-Руська – Хребенне (для вантажівок ≥ 7,5 тонн)",truck_ge_7_5t,1,1,0,232740,445,,,,133,1
29141,2026-07-07T09:01:00Z,hrebenne,Hrebenne,19,"Рава-Руська – Хребенне. Товари 1-24 групи УКТЗЕД (≥ 7,5 тонн)",truck_goods_1_24,1,1,1,30600,36,,,,133,1
29155,2026-07-07T09:01:00Z,hrebenne,Hrebenne,78,Рава-Руська – Хребенне. Автобуси (за розкладом),bus,2,2,0,,,6,6,,133,2
29138,2026-07-07T09:01:00Z,korczowa,Korczowa,6,"Краківець – Корчова (для вантажівок ≥ 7,5 тонн)",truck_ge_7_5t,1,1,0,158760,390,,,,133,1
29139,2026-07-07T09:01:00Z,korczowa,Korczowa,20,"Краківець – Корчова. Товари 1-24 групи УКТЗЕД (≥ 7,5 тонн)",truck_goods_1_24,1,1,0,0,3,,,,133,1
29153,2026-07-07T09:01:00Z,korczowa,Korczowa,23,Краківець – Корчова. Автобуси,bus,2,1,0,0,17,,,,133,2
29156,2026-07-07T09:01:00Z,kroscienko,Krościenko,75,Смільниця – Кросьценко. Автобуси (за розкладом),bus,2,2,0,,,17,17,,133,2
29142,2026-07-07T09:01:00Z,kroscienko,Krościenko,84,"Смільниця – Кросьценко (для вантажівок ≤ 7,5 тонн)",truck_le_7_5t,1,1,0,0,1,,,,133,1
29154,2026-07-07T09:01:00Z,malhowice,Małhowice,102,Нижанковичі – Мальховичі. Автобуси (за розкладом),bus,2,2,0,,,10,10,,133,2
29147,2026-07-07T09:01:00Z,medyka,Medyka,8,"Шегині – Медика (для вантажівок ≥ 7,5 тонн)",truck_ge_7_5t,1,1,0,174420,173,,,,133,1
29159,2026-07-07T09:01:00Z,medyka,Medyka,24,Шегині - Медика. Автобуси,bus,2,1,0,0,3,,,Ускладнений рух у зв'язку з ремонтними роботами на ММПП,133,2
29148,2026-07-07T09:01:00Z,medyka,Medyka,91,"Шегині – Медика (для порожніх вантажівок ≥ 3,5 тонн)",truck_empty,1,1,0,293400,325,,,,133,1
29146,2026-07-07T09:01:00Z,zosin,Zosin,7,"Устилуг – Зосин (для порожніх вантажівок ≥ 7,5 тонн)",truck_empty,1,1,0,245520,348,,,,133,1
29145,2026-07-07T09:01:00Z,zosin,Zosin,80,"Устилуг – Зосин (для вантажівок ≤ 7,5 тонн)",truck_le_7_5t,1,1,0,78300,92,,,,133,1
29158,2026-07-07T09:01:00Z,zosin,Zosin,113,Устилуг - Зосин. Автобуси (за розкладом),bus,2,2,0,,,3,3,,133,2
29161,2026-07-07T09:31:00Z,budomierz,Budomierz,88,"Грушів – Будомєж (для вантажівок ≤ 7,5 тонн)",truck_le_7_5t,1,1,1,2520,4,,,,133,1
29176,2026-07-07T09:31:00Z,budomierz,Budomierz,104,Грушів – Будомєж. Автобуси (за розкладом),bus,2,2,0,,,5,5,,133,2
29168,2026-07-07T09:31:00Z,dolhobyczow,Dołhobyczów,31,"Угринів – Долгобичув (для порожніх вантажівок ≥ 7,5 тонн)",truck_empty,1,1,0,241800,314,,,,133,1
29181,2026-07-07T09:31:00Z,dolhobyczow,Dołhobyczów,76,Угринів – Долгобичув. Автобуси (за розкладом),bus,2,2,0,,,11,11,,133,2
29167,2026-07-07T09:31:00Z,dolhobyczow,Dołhobyczów,98,"Угринів – Долгобичув (для вантажівок ≥ 3,5 тонн до ≤ 7,5 тонн)",truck_le_7_5t,1,1,0,88140,118,,,,133,1
29173,2026-07-07T09:31:00Z,dorohusk,Dorohusk,1,"Ягодин – Дорогуськ (для вантажівок ≥ 7,5 тонн)",truck_ge_7_5t,1,1,0,226200,778,,,,133,1
29175,2026-07-07T09:31:00Z,dorohusk,Dorohusk,2,"Ягодин – Дорогуськ. Товари 1-24 групи УКТЗЕД (≥ 7,5 тонн)",truck_goods_1_24,1,1,0,10140,23,,,,133,1
29174,2026-07-07T09:31:00Z,dorohusk,Dorohusk,29,"Ягодин – Дорогуськ (для порожніх вантажівок ≥ 7,5 тонн)",truck_empty,1,1,0,305400,1040,,,,133,1
29184,2026-07-07T09:31:00Z,dorohusk,Dorohusk,54,Ягодин – Дорогуськ. Автобуси (за розкладом),bus,2,2,0,,,9,9,,133,2
29164,2026-07-07T09:31:00Z,hrebenne,Hrebenne,5,"Рава-Руська – Хребенне (для вантажівок ≥ 7,5 тонн)",truck_ge_7_5t,1,1,1,230040,439,,,,133,1
29165,2026-07-07T09:31:00Z,hrebenne,Hrebenne,19,"Рава-Руська – Хребенне. Товари 1-24 групи УКТЗЕД (≥ 7,5 тонн)",truck_goods_1_24,1,1,1,30600,36,,,,133,1
29179,2026-07-07T09:31:00Z,hrebenne,Hrebenne,78,Рава-Руська – Хребенне. Автобуси (за розкладом),bus,2,2,0,,,6,6,,133,2
29162,2026-07-07T09:31:00Z,korczowa,Korczowa,6,"Краківець – Корчова (для вантажівок ≥ 7,5 тонн)",truck_ge_7_5t,1,1,0,155820,383,,,,133,1
29163,2026-07-07T09:31:00Z,korczowa,Korczowa,20,"Краківець – Корчова. Товари 1-24 групи УКТЗЕД (≥ 7,5 тонн)",truck_goods_1_24,1,1,0,0,6,,,,133,1
29177,2026-07-07T09:31:00Z,korczowa,Korczowa,23,Краківець – Корчова. Автобуси,bus,2,1,0,0,18,,,,133,2
29180,2026-07-07T09:31:00Z,kroscienko,Krościenko,75,Смільниця – Кросьценко. Автобуси (за розкладом),bus,2,2,0,,,17,17,,133,2
29166,2026-07-07T09:31:00Z,kroscienko,Krościenko,84,"Смільниця – Кросьценко (для вантажівок ≤ 7,5 тонн)",truck_le_7_5t,1,1,0,0,2,,,,133,1
29178,2026-07-07T09:31:00Z,malhowice,Małhowice,102,Нижанковичі – Мальховичі. Автобуси (за розкладом),bus,2,2,0,,,10,10,,133,2
29171,2026-07-07T09:31:00Z,medyka,Medyka,8,"Шегині – Медика (для вантажівок ≥ 7,5 тонн)",truck_ge_7_5t,1,1,0,172380,171,,,,133,1
29183,2026-07-07T09:31:00Z,medyka,Medyka,24,Шегині - Медика. Автобуси,bus,2,1,0,0,3,,,Ускладнений рух у зв'язку з ремонтними роботами на ММПП,133,2
29172,2026-07-07T09:31:00Z,medyka,Medyka,91,"Шегині – Медика (для порожніх вантажівок ≥ 3,5 тонн)",truck_empty,1,1,0,288900,321,,,,133,1
29170,2026-07-07T09:31:00Z,zosin,Zosin,7,"Устилуг – Зосин (для порожніх вантажівок ≥ 7,5 тонн)",truck_empty,1,1,0,244080,346,,,,133,1
29169,2026-07-07T09:31:00Z,zosin,Zosin,80,"Устилуг – Зосин (для вантажівок ≤ 7,5 тонн)",truck_le_7_5t,1,1,0,81900,95,,,,133,1
29182,2026-07-07T09:31:00Z,zosin,Zosin,113,Устилуг - Зосин. Автобуси (за розкладом),bus,2,2,0,,,3,3,,133,2
29185,2026-07-07T09:41:00Z,budomierz,Budomierz,88,"Грушів – Будомєж (для вантажівок ≤ 7,5 тонн)",truck_le_7_5t,1,1,1,3360,5,,,,133,1
29200,2026-07-07T09:41:00Z,budomierz,Budomierz,104,Грушів – Будомєж. Автобуси (за розкладом),bus,2,2,0,,,5,5,,133,2
29192,2026-07-07T09:41:00Z,dolhobyczow,Dołhobyczów,31,"Угринів – Долгобичув (для порожніх вантажівок ≥ 7,5 тонн)",truck_empty,1,1,0,240240,312,,,,133,1
29205,2026-07-07T09:41:00Z,dolhobyczow,Dołhobyczów,76,Угринів – Долгобичув. Автобуси (за розкладом),bus,2,2,0,,,11,11,,133,2
29191,2026-07-07T09:41:00Z,dolhobyczow,Dołhobyczów,98,"Угринів – Долгобичув (для вантажівок ≥ 3,5 тонн до ≤ 7,5 тонн)",truck_le_7_5t,1,1,0,87360,116,,,,133,1
29197,2026-07-07T09:41:00Z,dorohusk,Dorohusk,1,"Ягодин – Дорогуськ (для вантажівок ≥ 7,5 тонн)",truck_ge_7_5t,1,1,0,226800,780,,,,133,1
29199,2026-07-07T09:41:00Z,dorohusk,Dorohusk,2,"Ягодин – Дорогуськ. Товари 1-24 групи УКТЗЕД (≥ 7,5 тонн)",truck_goods_1_24,1,1,0,10140,23,,,,133,1
29198,2026-07-07T09:41:00Z,dorohusk,Dorohusk,29,"Ягодин – Дорогуськ (для порожніх вантажівок ≥ 7,5 тонн)",truck_empty,1,1,0,306300,1043,,,,133,1
29208,2026-07-07T09:41:00Z,dorohusk,Dorohusk,54,Ягодин – Дорогуськ. Автобуси (за розкладом),bus,2,2,0,,,10,10,,133,2
29188,2026-07-07T09:41:00Z,hrebenne,Hrebenne,5,"Рава-Руська – Хребенне (для вантажівок ≥ 7,5 тонн)",truck_ge_7_5t,1,1,1,230040,439,,,,133,1
29189,2026-07-07T09:41:00Z,hrebenne,Hrebenne,19,"Рава-Руська – Хребенне. Товари 1-24 групи УКТЗЕД (≥ 7,5 тонн)",truck_goods_1_24,1,1,1,30600,36,,,,133,1
29203,2026-07-07T09:41:00Z,hrebenne,Hrebenne,78,Рава-Руська – Хребенне. Автобуси (за розкладом),bus,2,2,0,,,6,6,,133,2
29186,2026-07-07T09:41:00Z,korczowa,Korczowa,6,"Краківець – Корчова (для вантажівок ≥ 7,5 тонн)",truck_ge_7_5t,1,1,0,154140,381,,,,133,1
29187,2026-07-07T09:41:00Z,korczowa,Korczowa,20,"Краківець – Корчова. Товари 1-24 групи УКТЗЕД (≥ 7,5 тонн)",truck_goods_1_24,1,1,0,0,4,,,,133,1
29201,2026-07-07T09:41:00Z,korczowa,Korczowa,23,Краківець – Корчова. Автобуси,bus,2,1,0,0,18,,,,133,2
29204,2026-07-07T09:41:00Z,kroscienko,Krościenko,75,Смільниця – Кросьценко. Автобуси (за розкладом),bus,2,2,0,,,17,17,,133,2
29190,2026-07-07T09:41:00Z,kroscienko,Krościenko,84,"Смільниця – Кросьценко (для вантажівок ≤ 7,5 тонн)",truck_le_7_5t,1,1,0,0,2,,,,133,1
29202,2026-07-07T09:41:00Z,malhowice,Małhowice,102,Нижанковичі – Мальховичі. Автобуси (за розкладом),bus,2,2,0,,,10,10,,133,2
29195,2026-07-07T09:41:00Z,medyka,Medyka,8,"Шегині – Медика (для вантажівок ≥ 7,5 тонн)",truck_ge_7_5t,1,1,0,172380,171,,,,133,1
29207,2026-07-07T09:41:00Z,medyka,Medyka,24,Шегині - Медика. Автобуси,bus,2,1,0,0,3,,,Ускладнений рух у зв'язку з ремонтними роботами на ММПП,133,2
29196,2026-07-07T09:41:00Z,medyka,Medyka,91,"Шегині – Медика (для порожніх вантажівок ≥ 3,5 тонн)",truck_empty,1,1,0,287100,319,,,,133,1
29194,2026-07-07T09:41:00Z,zosin,Zosin,7,"Устилуг – Зосин (для порожніх вантажівок ≥ 7,5 тонн)",truck_empty,1,1,0,244080,346,,,,133,1
29193,2026-07-07T09:41:00Z,zosin,Zosin,80,"Устилуг – Зосин (для вантажівок ≤ 7,5 тонн)",truck_le_7_5t,1,1,0,82800,96,,,,133,1
29206,2026-07-07T09:41:00Z,zosin,Zosin,113,Устилуг - Зосин. Автобуси (за розкладом),bus,2,2,0,,,3,3,,133,2
